"","F-Value","FDR (BH)","LPS-Control","diff LPS-Control"
"Rab11b;Rab11a",0.0159535067360204,0.989572428847272,0.903615043692087,0.120042802500002
"env;Mela;Fv4;F630007L15Rik",12.0656444514656,0.989572428847272,0.013246070677928,-3.71493410999999
"Tceb1",0.605229147489455,0.989572428847272,0.466150144187886,0.994063852499998
"Spata5;Katnal2",0.101361285119558,0.989572428847272,0.760992551963336,-0.334366084999999
"Tuba4a",9.90421659205511,0.989572428847272,0.019887871718702,-2.8609547625
"Gapdh",0.00150442160902387,0.992582192209888,0.970318666403311,0.0252718900000062
"S100a4",1.65218716328342,0.989572428847272,0.246043057896546,-1.49820232750002
"A0A0J9YVA2",0.0117610327719148,0.989572428847272,0.917175906155425,-0.1504716875
"Arl8b",0.78953065752946,0.989572428847272,0.408448966472565,-0.929151537499997
"Tmsb10",0.618555099491692,0.989572428847272,0.461508668728593,1.1989336025
"Lrp1",3.91547596574996,0.989572428847272,0.095187890724178,-1.22188473
"Pdia4",0.759033016977395,0.989572428847272,0.417123744813498,1.556640865
"Dab2",0.164883201918571,0.989572428847272,0.69878485135265,-0.508538720000026
"Igsf8",0.755338163238944,0.989572428847272,0.41819585943958,-1.15073275249997
"Cyfip1;Cyfip2",0.968169772949298,0.989572428847272,0.363135314461139,-0.756981852499997
"Cd68",0.111132385454781,0.989572428847272,0.750199974224856,-0.431454180000003
"Fasn",0.459370247675457,0.989572428847272,0.523180531005677,-0.392830369999999
"Ptov1",0.00107330308858653,0.993497631597098,0.974927582408367,0.0818517224999979
"Psmc4",2.4694651650367,0.989572428847272,0.16713506284251,-1.18631029
"Cd81",0.218338324691719,0.989572428847272,0.656796361590549,-0.616903542499998
"Rpl9",0.414736935008527,0.989572428847272,0.543392662988458,0.539789677499996
"Taldo1",0.00818016129647459,0.989572428847272,0.930877964528906,-0.0959427350000013
"Ldha",0.103200641382886,0.989572428847272,0.758917755314513,0.2874012025
"Rpl18a",1.28960050706405,0.989572428847272,0.299438485719542,-0.747636317499996
"Rps25",6.46067429993532,0.989572428847272,0.0439748856879272,2.46903658
"A0A1L1SQX6",0.00829284655861826,0.989572428847272,0.930405021661546,0.0823283175
"Cep295",0.657138818273065,0.989572428847272,0.448523215120429,1.0338606825
"Atp6v1b2",0.104712781227558,0.989572428847272,0.757227494284956,0.373749017500003
"Uba1",0.0467393773186784,0.989572428847272,0.836000106519519,-0.166162494999995
"Hist1h3b;Hist1h3e;H3f3a",0.031763339131198,0.989572428847272,0.864413244325949,0.254297017500001
"Cd63",0.00804826989824447,0.989572428847272,0.931435712766514,0.0684599874999989
"Tbca",1.35704867199545,0.989572428847272,0.288265424998114,1.209762335
"Rps24",0.0808248161421897,0.989572428847272,0.785739377246206,-0.441653249999995
"Anxa7",0.501746715045797,0.989572428847272,0.505307941911578,0.5507803
"Rpl36a",2.19848657983056,0.989572428847272,0.188665498853592,-0.940690517499995
"Rpl30",1.01459874750714,0.989572428847272,0.35268368394062,-1.1110396375
"Ube2l3",0.911247472447013,0.989572428847272,0.376644121716187,1.313685895
"env",12.52436618192,0.989572428847272,0.0122340172684778,-3.855929855
"Rpl10a",0.0607175006599055,0.989572428847272,0.813579068336719,0.191158057499997
"Khsrp",0.252594334968305,0.989572428847272,0.633164212333372,0.73602915
"Cdo1",3.02246333156498,0.989572428847272,0.132781195558789,-1.6849463025
"Colec12",1.78805426551334,0.989572428847272,0.229624438402611,1.1629745975
"H2-D1;H-2D;H2-L",0.810162090616534,0.989572428847272,0.402750986864784,0.680411817500001
"Add3",0.000207840573165796,0.995699764956928,0.988964976516939,-0.0208682974999945
"Fau;fau",0.375133121883142,0.989572428847272,0.562697210186531,1.087320805
"Actr1a",0.357566864048415,0.989572428847272,0.571724994208778,0.483195305000002
"Nars",2.36439580460875,0.989572428847272,0.175047957514066,1.6659421925
"Hist1h2bh;Hist1h2bj;Hist1h2bc;Hist1h2bm;Hist1h2bb;Hist2h2bb;Hist1h2bp;Hist1h2bk;Hist1h2bf;LOC665622;Hist1h2br;Hist2h2be;Hist3h2bb;Hist3h2ba",1.25223642795775,0.989572428847272,0.305914187350699,-0.4488501525
"Ddx5",0.755129304173303,0.989572428847272,0.418256602453787,-0.5910861475
"Rpl19",0.362192582407584,0.989572428847272,0.569318098059559,0.978752614999998
"Eftud2",0.216957723018909,0.989572428847272,0.657796189467174,0.836831807500005
"Hnrnpa3;Gm6793",0.187848218462475,0.989572428847272,0.679862098407086,0.418646577499999
"Cd44",0.0374629205777627,0.989572428847272,0.852911767963293,-0.158772470000002
"Set;BC085271",0.203376614998319,0.989572428847272,0.667848902530399,0.770369055000003
"Zdbf2",1.0989105003865,0.989572428847272,0.334884666277731,-1.411254885
"Clta",8.60905692304421,0.989572428847272,0.026146672215881,-1.2239489575
"Rpsa",0.258490821441756,0.989572428847272,0.62930616004288,-0.525185109999995
"Dip2b",0.228125016212302,0.989572428847272,0.649819529130303,0.513832567499996
"Epb41l2;Epb4.1l2",4.39111066941462,0.989572428847272,0.0809802519617512,2.68163109
"Flna",1.43643860897691,0.989572428847272,0.275902948246081,-0.897823334999998
"Anxa1",0.490691672365622,0.989572428847272,0.509856212443459,0.889665125000001
"Nap1l4",0.28178713339991,0.989572428847272,0.614597478970924,-0.239270922499998
"Hnrnpa2b1",0.549436323807998,0.989572428847272,0.486535357004301,-0.815026997499999
"Ddx3x;D1Pas1",0.0683373602522737,0.989572428847272,0.802515128924442,-0.301138160000001
"Rap1a;Gm9392",0.0647842143529739,0.989572428847272,0.807587028766286,0.242091655000003
"Rps19",0.0853626104012067,0.989572428847272,0.779996980482042,0.356229302499997
"Mov10",0.741748952590748,0.989572428847272,0.422179530494012,-1.2614398025
"Qdpr",3.86133495515751,0.989572428847272,0.0970165790260433,1.84204698
"Rps5",0.354094170217452,0.989572428847272,0.57354624001609,0.724035025000006
"Acsl1",0.570698893480315,0.989572428847272,0.478577945869273,0.984258412500004
"Eif4g1",0.047342611156627,0.989572428847272,0.834964309642403,-0.194037199999997
"Usp14",0.507104829051675,0.989572428847272,0.503131188388603,-0.575291389999997
"Cadm1",0.00533786051718826,0.989572428847272,0.944132555930594,-0.117182730000003
"Psap",0.00513817951713111,0.989572428847272,0.945185347044837,0.0765871975000039
"Gm20390;Nme2;Nme1",0.450304873119145,0.989572428847272,0.527164277871964,0.859460827500001
"44811",0.047567460429214,0.989572428847272,0.834580008734775,0.130907535000006
"Apob",0.963814923980406,0.989572428847272,0.364141021227414,-1.237409595
"Psmd13",0.198394347816692,0.989572428847272,0.67164030224375,-0.319424865000002
"Itgam",0.648861857648074,0.989572428847272,0.451253961866405,-0.883011342499998
"Ahnak",0.507617093338513,0.989572428847272,0.502924010471512,1.373022795
"Dst",3.70658612243784,0.989572428847272,0.1025172119116,4.442988635
"Nop2",0.613681176573319,0.989572428847272,0.463196626898691,0.459825752500002
"Dhx9",1.56970182972498,0.989572428847272,0.256865636553128,-1.25236368
"Spock2",0.463636523530622,0.989572428847272,0.521326057346528,1.3898911475
"Rps12",4.24714718262656,0.989572428847272,0.0849551745214942,1.8224115325
"Ahnak2",0.580582859336613,0.989572428847272,0.474959655399714,1.0142476575
"Copa",2.88507037107812,0.989572428847272,0.140320353799372,-0.991554022499997
"Atp5j2",0.510658859914113,0.989572428847272,0.501697131516852,1.07526827
"Spp1",1.91755432873334,0.989572428847272,0.215420447374127,-1.2920994775
"Serpinb6;Serpinb6a",0.224972819035553,0.989572428847272,0.652045885276086,0.677254439999999
"Dnm2",6.93300445711211,0.989572428847272,0.038899964150658,-1.6881945125
"St13",0.0673249361069569,0.989572428847272,0.803945533603435,-0.245528937499998
"Vdac2",0.793041886061574,0.989572428847272,0.407469734317271,1.638697145
"Olfr112;Olfr113",0.557304690004526,0.989572428847272,0.48356246388939,-1.22318721
"Prps1;Prps2;Prps1l3;Prps1l1",2.79719985416237,0.989572428847272,0.145458480085702,-0.944349047499998
"Pabpn1",0.12496792702739,0.989572428847272,0.735797164880123,0.700708152500006
"Rps28",0.110708568481648,0.989572428847272,0.750656772560115,-0.392647737499999
"Bicc1",0.0808566316351878,0.989572428847272,0.785698509951276,0.368573669999996
"Ctsa",0.347215579444429,0.989572428847272,0.577190645333053,1.08380532250001
"gag-pro-pol;gag-pol;gag",5.76271516412465,0.989572428847272,0.0532538231279656,-2.973292825
"Hnrnpl",0.0839766604089438,0.989572428847272,0.781732714274738,0.427836179999979
"Esd",1.0955884789805,0.989572428847272,0.335558976563049,1.1034894
"Srsf1",0.0149750370153648,0.989572428847272,0.906599880989637,-0.213132857500021
"Rpl10;Rpl10l",3.64553225131483,0.989572428847272,0.10480556958931,-2.533462765
"Adssl1",0.00290822653953054,0.989572428847272,0.958743320981817,0.0713682149999997
"Bsg",0.00994572490541064,0.989572428847272,0.923808757510196,0.0649557100000067
"Prdx6",0.14132780532499,0.989572428847272,0.719898013085019,0.499573707500005
"Prdx4",0.0564362390440983,0.989572428847272,0.820124111038146,0.303868292499999
"Sdcbp",0.554043011359414,0.989572428847272,0.484790740705287,-1.12684202
"Atox1",2.805489543537,0.989572428847272,0.14496262022749,2.4893484075
"Psmb1",0.0225822844007207,0.989572428847272,0.885472948106881,0.138207199999997
"Gsto1",0.608513652651666,0.989572428847272,0.464998384717817,1.04343343
"Rpl21",0.861747187567914,0.989572428847272,0.389068714012959,-1.155233145
"Anp32a",0.0584809791373149,0.989572428847272,0.816966293918681,-0.345306395000001
"Exoc4",0.651259153503016,0.989572428847272,0.450460035018481,0.550398110000001
"Anxa3",1.08518382914138,0.989572428847272,0.337684767053736,1.14593506
"Hnrnph1",0.287250654160258,0.989572428847272,0.611264011511308,-0.745424512499994
"Eif6",0.200305334509813,0.989572428847272,0.670179253527547,0.345217230000003
"Rpl35a",1.21314907866626,0.989572428847272,0.312920936877388,-1.3395142575
"Ncf2",0.152137987861032,0.989572428847272,0.709970924335167,-0.386979582499997
"Eif3d",1.55935655429396,0.989572428847272,0.258272462235144,-1.115882395
"Eef1b;Eef1b2",0.310094576066056,0.989572428847272,0.597764217919367,0.727052210000004
"Rps14;rps14",1.44167653924574,0.989572428847272,0.275115479331584,-1.68300486
"Wdr1",0.0107123405119257,0.989572428847272,0.920938608841601,0.115314009999999
"Tom1",0.0158743789158282,0.989572428847272,0.903852897451324,0.2800581475
"Idh1",0.928431545192906,0.989572428847272,0.372481485524067,1.372217175
"Gnpda1",0.178213935193027,0.989572428847272,0.687621362241918,0.973884342500007
"Lgmn",0.266071972535072,0.989572428847272,0.624428333152003,0.854397777500004
"Coro1a",2.14813896544184,0.989572428847272,0.193096241554449,-0.867928982499997
"Rbm3",0.0091150562757012,0.989572428847272,0.927048120057256,0.168464902499998
"Hprt1;Hprt",1.16998402213618,0.989572428847272,0.320949868860981,1.72330761
"H2-K1",2.01644292002451,0.989572428847272,0.205414566205311,1.17712950750001
"Saa3",4.79266866993409,0.989572428847272,0.0711515947875707,3.3170623775
"Aldoc",1.18034557487365,0.989572428847272,0.318993767492102,1.73292923
"Aldoa",0.659127934762877,0.989572428847272,0.447871294412826,0.986145497499997
"Got1",1.91815573462565,0.989572428847272,0.215357488288531,2.59574699
"Tuba1b",5.62413863305443,0.989572428847272,0.0554051076795743,-0.901433944999994
"Ptprc",1.61032923509882,0.989572428847272,0.251449123484789,1.3170471175
"Plau",2.35191630283779,0.989572428847272,0.176022836828355,2.88435793
"Anxa2",1.35034710612791,0.989572428847272,0.289347035894533,1.8129167525
"Hsp90aa1",0.0903593066658985,0.989572428847272,0.773864579720565,-0.143827434999999
"Aprt",0.53268483476982,0.989572428847272,0.492978633976852,-0.495952132500001
"Hsp90b1",0.316590281981449,0.989572428847272,0.59404765444198,0.764916897500001
"Apoe",5.75092369921736,0.989572428847272,0.053432425610829,-1.2280964875
"Mdh2",1.69974054695363,0.989572428847272,0.24010640163796,2.07452941
"Gnai2",0.253246153091627,0.989572428847272,0.632734903661916,0.368033409999995
"Itgb1",0.357279133075651,0.989572428847272,0.5718754249259,-0.850055934999993
"P4hb",0.721485922515571,0.989572428847272,0.428241136060992,1.82772708
"Ncl",0.173135630192533,0.989572428847272,0.691813221326068,-0.721769815000002
"Pgk1",0.0780442094415878,0.989572428847272,0.789345633087532,0.1929941175
"H2afv;H2afz",62.3332282025768,0.11711367106387,0.000218904058063309,-1.55802417
"Calm1;Calml3",1.27614366043931,0.989572428847272,0.301746406828846,1.18617344
"Eef1a1",0.618783953144877,0.989572428847272,0.461429681645164,-0.360511302499994
"Ctsb",1.90454940297948,0.989572428847272,0.216788424903253,1.2167401325
"Txn",0.045935702582493,0.989572428847272,0.837391082824769,-0.298010112499995
"Gstm1",1.98524320900673,0.989572428847272,0.208497792773208,1.837204935
"Slc3a2",2.94432974240785,0.989572428847272,0.136997292732854,1.2027626075
"Lpl",6.56000419206469,0.989572428847272,0.0428364980343858,-1.80061531
"Hsp90ab1",0.0638967131851966,0.989572428847272,0.808877095182254,-0.102509022500001
"Itgb2",0.00419857757371554,0.989572428847272,0.950441018314804,0.0526018150000027
"Tcp1",10.9740499675693,0.989572428847272,0.0161501598859838,-1.746803285
"Cox5a",0.536989311139993,0.989572428847272,0.491307873212819,1.1330144425
"Rpl7a",1.1433079580413,0.989572428847272,0.326072343338095,-1.14333701249999
"Rpl27a",1.1795746322693,0.989572428847272,0.319138673475118,-0.8611440675
"Rps16",1.80439037457157,0.989572428847272,0.227758907552919,-0.637928965
"Rpl7",3.13749751294975,0.989572428847272,0.126895803292201,-1.14673518999999
"Mdh1",0.0359439526997478,0.989572428847272,0.855882371780472,-0.292845724999999
"Calr",0.074500164541299,0.989572428847272,0.794045028575359,0.393161775000003
"Anxa6",0.0167214994347534,0.989572428847272,0.901337026542614,-0.139025924999999
"Rplp0",2.17758681340838,0.989572428847272,0.190486937584525,-1.4455513925
"Hmox1",1.22519007242375,0.989572428847272,0.310736431545964,1.6055052275
"Hist1h1c",0.271249039268551,0.989572428847272,0.621148879534578,-0.643156767500003
"Lgals1",0.00157214224837379,0.992582192209888,0.969658375346621,-0.051517484999998
"Lgals3",0.312544103405179,0.989572428847272,0.596356599951819,0.777438875000001
"Eno1",0.020395673482184,0.989572428847272,0.891112804592853,-0.0863065699999979
"Ptbp1",0.971772617570443,0.989572428847272,0.362306641658958,1.6165244575
"Gba",0.000181337124922337,0.995699764956928,0.989692491612128,-0.00948333750000074
"Ppia",0.0131698178026716,0.989572428847272,0.912379594662206,0.110363962500003
"Tpi1",0.380725122337862,0.989572428847272,0.559885878107351,0.669483662499999
"Pcna",2.97327354561891,0.989572428847272,0.13541402540322,-1.18450641499999
"Ctsd",1.06085971069743,0.989572428847272,0.342737841206562,1.1896357525
"Cfl1",0.136835291107359,0.989572428847272,0.724153346883543,0.326897620000004
"Gstp1;Gstp2",0.883267803371494,0.989572428847272,0.383585845830926,1.20183324750001
"Rpl13a",1.4868202645644,0.989572428847272,0.268465827810169,-0.981453177500001
"Cox4i1",0.0151796922001155,0.989572428847272,0.905967551655691,0.156977415
"Hspa5",0.303424905093929,0.989572428847272,0.601635157960699,0.825121402500002
"P20065-2",0.457836423769389,0.989572428847272,0.523850410986981,0.852334492500006
"Vim",0.037410066819863,0.989572428847272,0.853014066478218,-0.289237499999999
"Fcer1g",1.15308512230115,0.989572428847272,0.324180242057062,1.2563385975
"Tpm3;Tpm3-rs7",0.178233924052752,0.989572428847272,0.687605005105259,0.348300217500004
"Mfge8",0.272553031226601,0.989572428847272,0.620329287539064,0.599218367500008
"Pnp;Pnp2",0.0915737148911158,0.989572428847272,0.772402571491423,0.472308157500002
"Cat",0.499458968170631,0.989572428847272,0.506242807226397,1.2268977175
"Ppib",4.2930712883087e-05,0.998718119953636,0.994984594271566,-0.00898504499999575
"Impdh2",0.00119086734577382,0.993497631597098,0.973590705996048,-0.0279114275000012
"M6pr",1.85251935186079,0.989572428847272,0.22238916105496,-1.321487185
"Rps2",2.12417896451254,0.989572428847272,0.195257135022362,-0.808436392499999
"Tln1",2.68064059645163,0.989572428847272,0.152689359830769,-1.45431137249999
"Msn",0.839850725871238,0.989572428847272,0.394780978743044,0.943004610000003
"Ptma",0.00453808039664994,0.989572428847272,0.948479657875614,0.0751078125000006
"Sars",0.00287029684746638,0.989572428847272,0.959012940971408,-0.0359797475000008
"Marcks",2.39754158105988,0.989572428847272,0.172495507811131,2.105585815
"Fkbp1a",0.0528160158929368,0.989572428847272,0.825868141699313,-0.285284757499994
"Rpl3",2.7261897674902,0.989572428847272,0.149804980199057,-1.45555066999999
"H2afx",2.88441979994127,0.989572428847272,0.140357456771469,-0.899810312499998
"Pdia3",0.00948536312668065,0.989572428847272,0.925586352135145,0.160525325000002
"Apex1",0.138821939775128,0.989572428847272,0.722261753027996,-0.353800532500003
"Adh5",1.40927299383962,0.989572428847272,0.28004178915482,-0.642866609999992
"Nap1l1",0.829177667224731,0.989572428847272,0.397615792057861,-0.854826449999997
"Marcksl1",0.176917365481379,0.989572428847272,0.688684725038322,-1.110115525
"Pabpc1",2.24839385899612,0.989572428847272,0.184415246005164,-1.86415577
"Ptpn6",0.724173459689101,0.989572428847272,0.427428624666552,-0.629226922499996
"Aimp1",0.756275506346881,0.989572428847272,0.417923433808594,-0.714873787499997
"Dbi",2.17562641657132,0.989572428847272,0.190659074186557,2.63806486
"Wars",1.20482239237562,0.989572428847272,0.314445440947658,-0.545027254999994
"Ranbp1",0.211103706869333,0.989572428847272,0.662080155776219,0.341007232500004
"Mif",1.87007392699701,0.989572428847272,0.220476306845449,-1.3090505625
"Rab6b;Rab6a;Rab39a",0.0724676890504121,0.989572428847272,0.796795027763054,-0.344771387500003
"Canx",0.481530093586374,0.989572428847272,0.513685248538936,1.726047755
"Prdx1",1.87558874962115,0.989572428847272,0.219880302653968,1.0067644125
"Rpl12",0.813007509157778,0.989572428847272,0.401975568727953,-0.440613269999993
"Rpl18",0.320768135599624,0.989572428847272,0.591684390045571,-0.758076664999997
"Hspa9",0.404697330141713,0.989572428847272,0.548156696863118,1.0427296175
"Cap1",0.237522961042144,0.989572428847272,0.643294632202984,0.5383038525
"Tkt",0.0167963024505391,0.989572428847272,0.901118022309183,-0.130961900000003
"Cd9",0.000166727419638397,0.995699764956928,0.990116401788945,-0.0144338624999918
"44806",0.59794559841295,0.989572428847272,0.468722627642182,0.716913702500001
"Cct8;Cctq",0.461138218909938,0.989572428847272,0.522410464947065,-0.669898509999996
"Hist1h1e",1.14795256927376,0.989572428847272,0.325171372416418,-0.76004124
"Hist1h1b",2.84398526060241,0.989572428847272,0.142690643690325,-1.743677615
"Hist1h1d",1.16188217548445,0.989572428847272,0.322492347382801,-0.594339845
"Akr1b1;Akr1b3",0.514434012460063,0.989572428847272,0.500182293796276,-0.612797260000001
"Vps4b;Vps4a;Fignl1",2.73654980435759,0.989572428847272,0.149159610421181,-1.56707739749999
"Psmc2",0.00793251931551104,0.989572428847272,0.93192901679485,-0.0609846125000004
"Aldh2",0.00911434004704437,0.989572428847272,0.927050976127258,0.179632419999997
"Capza2",3.53539495139253,0.989572428847272,0.10911498396273,1.992291215
"Capzb",0.0321497435154969,0.989572428847272,0.863601189205281,0.222894907500006
"Rpl6",0.234792198655463,0.989572428847272,0.645173518082538,-0.4017972925
"Rplp1",1.22074693639212,0.989572428847272,0.311539777120629,-1.58236337
"Rpl5",0.882581849235411,0.989572428847272,0.383758649383307,-1.0741465075
"Rpl13",2.506052807572,0.989572428847272,0.164498173451089,-1.661235095
"Anxa5",0.768939128440187,0.989572428847272,0.414272200358985,0.897281647500002
"Lmna",0.0659206018783886,0.989572428847272,0.805948972293012,0.515387060000002
"Cbr1",0.261880253707254,0.989572428847272,0.627114071829418,0.879718780000005
"Slc25a4",0.36692569301006,0.989572428847272,0.566877469990579,1.063687565
"Hnrnpa1",0.318211740720479,0.989572428847272,0.593127961883289,0.73417354
"Psma2",0.985459426206713,0.989572428847272,0.35918607122828,1.8137927025
"Atp6v1a",0.291934743358164,0.989572428847272,0.608439248461243,0.601852655000002
"Atp6v1e1",0.382215802513521,0.989572428847272,0.559141391903337,0.734374522499998
"Pa2g4",0.0130991289727193,0.989572428847272,0.912613864662873,-0.0660581599999972
"Rab7a",0.172673712810101,0.989572428847272,0.692198143194283,0.272652147500004
"Gla",0.0473135017352002,0.989572428847272,0.835014132303499,0.246628525000006
"Hdgf",0.176274559315409,0.989572428847272,0.68921364834856,0.989928724999999
"Atp6v0d1",0.0414970323205167,0.989572428847272,0.845314938232135,0.25104022
"Slc25a5",0.0748504579423324,0.989572428847272,0.793575201506944,0.552000522500002
"Pkm",0.00638550134061282,0.989572428847272,0.93890799823165,0.0386919975000026
"Idh2",0.241521651013136,0.989572428847272,0.640567886355658,0.884768962500004
"Stom",0.268585974339503,0.989572428847272,0.622830687867011,0.326697585000005
"Ctsk",2.81788590599156,0.989572428847272,0.14422551391718,2.4189713
"Atp5b",0.237555505803414,0.989572428847272,0.643272322595639,0.896080017500005
"Fus",0.0066284604637755,0.989572428847272,0.93775955233335,0.0984208575000025
"Atp6v1d",0.310578386207905,0.989572428847272,0.597485605923657,-0.717759612499997
"Erp29",0.524530953379049,0.989572428847272,0.496172784945055,0.909151315000003
"Eef2",0.158097756476159,0.989572428847272,0.704674059903205,-0.328275204999997
"Arpc4",3.54879434487855,0.989572428847272,0.108577793665206,-1.5885775075
"Ruvbl1",0.0380237854031325,0.989572428847272,0.851830819945634,-0.201569317499995
"Pcbp1",0.141207064187045,0.989572428847272,0.720011346046785,-0.579329254999998
"Actb;Actg1",0.0753114800988347,0.989572428847272,0.792958677224252,-0.139601707499995
"Cdc42",0.729783027509301,0.989572428847272,0.425741197422475,0.904374600000004
"Eif4a1",0.00387149531082912,0.989572428847272,0.952407530042104,0.0567588800000038
"Actr2",2.2444296008105,0.989572428847272,0.184747840373132,-1.25136351
"Arf3;Arf1;Arf2",0.0867013138203916,0.989572428847272,0.778335048665645,-0.175278189999993
"Rap2b",0.480412749261689,0.989572428847272,0.514156022196563,1.029777525
"Rpl27",0.0264200714238277,0.989572428847272,0.876214700648678,-0.106696602499994
"Hnrnpk",0.00954630512989862,0.989572428847272,0.925348569196947,-0.110777374999998
"Ywhag",0.494896049607385,0.989572428847272,0.508117271370418,0.642369747500005
"Timm13",0.441749277837385,0.989572428847272,0.53097914413878,-0.942070004999998
"Rps7",0.139844364464946,0.989572428847272,0.721294353798593,0.472185612500006
"Ppp1ca",0.126065281151483,0.989572428847272,0.734694552516083,-0.324276447499997
"Psmc1",0.554965268685138,0.989572428847272,0.484442855984124,0.666379450000001
"Rps8",16.8876905808854,0.841307342148962,0.0062901483525156,-1.2712311775
"Ywhae",0.00243170775582186,0.989572428847272,0.962270934165398,-0.0513782524999726
"Rps23",0.0409300984701545,0.989572428847272,0.846358469132819,0.125654695000001
"Rps18;Gm10260",0.0163721770212546,0.989572428847272,0.902366427433192,0.0862574575000039
"Rps11",2.01993056638462,0.989572428847272,0.205073993096675,-0.637123582500003
"Rps13",0.0280439278366696,0.989572428847272,0.872507300025892,-0.168098924999995
"Snrpd2",0.209252887996997,0.989572428847272,0.663449876459442,0.447963712500005
"Arf6",0.0801220284934116,0.989572428847272,0.78664436590008,-0.359576459999996
"Rps4x;Rps4l",0.573408133303953,0.989572428847272,0.47758116244477,-0.551052094999996
"Rpl23a",0.0209400781624967,0.989572428847272,0.889680774383576,0.220674035000002
"Rps6",1.96463737107123,0.989572428847272,0.210570783549599,-0.751605034999997
"Mtpn",0.122533137023292,0.989572428847272,0.738263531187885,-0.345016002500003
"Hist1h4a",4.21679153843567,0.989572428847272,0.085827222681272,-0.724490164999992
"Ran;1700009N14Rik;Rasl2-9",5.36847317113946,0.989572428847272,0.0596939829415703,-0.963229179999999
"Rpl23",0.0114307473820146,0.989572428847272,0.918341934831327,-0.129753114999993
"Rps26",2.93965377791969,0.989572428847272,0.13725549243797,-1.69482708
"Gnb1",1.28124044184276,0.989572428847272,0.300869099262152,1.20301557
"Gnb2",1.62701647668505,0.989572428847272,0.24927313476487,0.822700502500005
"Rpl31",0.172276762826842,0.989572428847272,0.692529419042411,0.5543403625
"Rps3",0.275927876224832,0.989572428847272,0.618219923191314,-0.469930649999995
"Rpl32",0.093241631823592,0.989572428847272,0.770411949325575,-0.282484295000003
"Rpl8",1.36202268107143,0.989572428847272,0.287466584060552,-1.186237575
"Ybx1",0.0181340660762828,0.989572428847272,0.897282265768517,-0.0870089499999764
"Pfn1",0.134916770230857,0.989572428847272,0.725995200565423,-0.297164912499994
"Rps27a;Ubc;Ubb;Kxd1;Gm1821;Uba52;Gm8797",0.177256887380489,0.989572428847272,0.688405820014898,-0.354512695
"Rac1;Rac3",2.34629157980543,0.989572428847272,0.176464748859019,1.205571415
"Hspa8",1.38507025400884,0.989572428847272,0.283808354119889,-0.392131329999998
"Tpt1",1.25059925447446,0.989572428847272,0.306202815282297,1.1622715
"Hspd1",0.924987528675441,0.989572428847272,0.373309760221444,1.533849955
"Gnas",3.87890311335757,0.989572428847272,0.0964179435807684,1.5262317675
"Ywhaz",0.33579314899036,0.989572428847272,0.583354215031826,0.534657477499998
"Hmgb1",0.189885634897291,0.989572428847272,0.678252232492877,0.884399412500002
"Gng2",2.18734214645999,0.989572428847272,0.189633640818365,1.347157955
"Eif5a",0.0249899797712912,0.989572428847272,0.879578229931892,-0.141671654999996
"Rps17",0.745757621922651,0.989572428847272,0.420997698747686,1.007201195
"Rps10",0.012608600690326,0.989572428847272,0.914257516808855,0.112082242500001
"Gnb2l1",0.0310464146526644,0.989572428847272,0.865933590368872,-0.180491922499996
"Ywhaq",0.170627097180171,0.989572428847272,0.693911060899092,0.346567155000002
"Tubb4b;Tubb4a",0.847545527712909,0.989572428847272,0.392757898506087,-0.548466207499999
"Tuba1c",0.758040486879586,0.989572428847272,0.417411283352286,-0.430396080000001
"Ywhah",0.950927460377847,0.989572428847272,0.367143633166032,0.596515417500001
"Kpnb1",3.08234832373139,0.989572428847272,0.129671099877346,1.22073412
"Pebp1",0.92741160547828,0.989572428847272,0.372726467174994,1.8793060775
"Naca",0.121119443738487,0.989572428847272,0.739708399337097,0.315753222500007
"Cct7",3.08736833141085,0.989572428847272,0.129415006457309,-0.794822217499998
"Cct2",1.06776251445378,0.989572428847272,0.341291825069147,-1.1902389525
"Cct4",0.0300581229818289,0.989572428847272,0.868059540996001,-0.120668887499995
"Cct5",2.73493992308142,0.989572428847272,0.149259640660187,-0.7827835075
"Cct6a",0.0252263975352275,0.989572428847272,0.879015471909507,0.121390820000002
"Cct3",3.28578260046111,0.989572428847272,0.119830519874684,-0.801364422499994
"Rhog",0.000607776408083964,0.995699764956928,0.981131114653967,0.0245084774999995
"Prkdc",19.3424327527668,0.816451117534264,0.00457823056561269,-2.8562657825
"Rps3a;Rps3a1",0.4334634119816,0.989572428847272,0.534726220509236,-0.345853802499995
"Atp1b3",0.00312045011267522,0.989572428847272,0.957266263891846,0.0724339474999951
"Anxa4",1.65699128230155,0.989572428847272,0.245433566725966,1.5529234425
"Anpep",0.0120578521333897,0.989572428847272,0.916142106120275,0.107818602500004
"Sirpa;Ptpns1",0.967606021269022,0.989572428847272,0.363265255493995,1.59846115
"Fh",2.91905415235728,0.989572428847272,0.138401088485491,-1.7948458225
"Anp32e",1.10952256608022,0.989572428847272,0.332744763866597,-2.030862095
"G3bp1",0.00387433948268233,0.989572428847272,0.952390077787775,0.0808346250000014
"Tubb5",0.742591582422357,0.989572428847272,0.421930638397018,-0.567305560000001
"Psmb4",0.609690535408401,0.989572428847272,0.464586937007211,0.785556315000001
"Rplp2",0.000425479717848133,0.995699764956928,0.984211926120501,0.0178747200000018
"Prdx5",0.0023850583927512,0.989572428847272,0.962634241089056,0.0768392100000028
"G6pdx",0.386829460777636,0.989572428847272,0.556850193797239,0.534565927500005
"Itga4",0.626606403017798,0.989572428847272,0.45874426385197,-1.0319654925
"Vcp",1.53586987939935,0.989572428847272,0.261509073179621,1.40949535
"Atp5a1",3.41361627448406e-07,0.99955276789915,0.99955276789915,-0.00106573000000054
"Rac2",0.343091374453731,0.989572428847272,0.57939973953178,0.734963417500005
"Fabp5",0.000650885941101464,0.995699764956928,0.980473557263177,0.0380101249999996
"Soat1",1.48883204066186,0.989572428847272,0.268175102052364,1.6704793
"Lgals3bp",3.72675992135162,0.989572428847272,0.101776198070318,2.8039875025
"Cd36",0.214681367568322,0.989572428847272,0.659453397841473,0.384911539999999
"Ehd4",0.638988256544267,0.989572428847272,0.454550071653288,-0.783079624999999
"Ddx39a;Ddx39",0.119728665123748,0.989572428847272,0.741139246028742,-0.442460535000002
"Gpnmb",0.0292252474958965,0.989572428847272,0.86987942774177,0.225874422500006
"Hk3",0.283777822678808,0.989572428847272,0.613378009265059,0.719890360000001
"Clcf1",0.431567713578172,0.989572428847272,0.5355909112531,-1.1525542725
"Arpc1b",0.000173343613450837,0.995699764956928,0.989922218646355,-0.0121126149999995
"Prep",0.0375023602582106,0.989572428847272,0.852835481459863,-0.125035044999997
"Dars",2.54261936790737,0.989572428847272,0.161921047747061,-1.384549615
"Farsb",0.31579611213694,0.989572428847272,0.594499269433176,-0.718998669999998
"Atp6v1c1",0.0349236521999439,0.989572428847272,0.857914616945951,0.252152445
"Actr3",0.0752182922064732,0.989572428847272,0.793083131571292,0.288331510000006
"Eif3g",0.00951030413379079,0.989572428847272,0.925488944457611,-0.107319829999994
"Gmps",0.338613010487344,0.989572428847272,0.581819362715135,-0.698338747500003
"Stip1",0.37848814543924,0.989572428847272,0.561006971037331,0.888754842500006
"Vps35",0.844603475974502,0.989572428847272,0.393529380275467,-0.737908365000003
"Sh3gl1;Sh3gl2",0.519575815953649,0.989572428847272,0.498132892464487,-0.564228054999994
"Ptges3",0.0730924163941914,0.989572428847272,0.795945350519394,-0.200194359999998
"Gnai3",2.17740424421233,0.989572428847272,0.190502959070407,2.2315311425
"Pdia6",0.365665418371439,0.989572428847272,0.567525165409605,1.150939225
"Ahsa1",0.088141711985555,0.989572428847272,0.776562551441639,0.274575472500004
"Nampt",0.235461446883879,0.989572428847272,0.644711772464658,0.521318675000003
"Psma7",2.71521868299379,0.989572428847272,0.150492688814832,1.5511627225
"Psma5",0.417551506699539,0.989572428847272,0.54207210687033,0.740967750000003
"Ehd1",7.27074815890743,0.989572428847272,0.0357452772174304,1.2648673075
"Asns",0.028367106657762,0.989572428847272,0.871782789779647,-0.127823594999997
"Hnrnpu",0.301775832441547,0.989572428847272,0.602601011791496,-0.792376990000001
"Snd1",0.104297649090278,0.989572428847272,0.757690158587071,-0.351116659999995
"Uap1l1",0.616621661358812,0.989572428847272,0.462176946227957,-0.682347057499996
"Atp1a1",0.00281102650119266,0.989572428847272,0.959437863544819,-0.0527257899999967
"Hspa4",0.0411347223153429,0.989572428847272,0.845980958644074,0.158473012500004
"Snx2",0.00776016861703148,0.989572428847272,0.93267031873087,-0.107050655000002
"Lcp1",0.881217689706419,0.989572428847272,0.384102683439824,1.68494916
"Ddx17",1.06442148715984,0.989572428847272,0.341990508578171,1.0732622175
"Rpl15",0.0184349884144897,0.989572428847272,0.896439538959751,-0.102717640000002
"Atp6v1g1",0.115593889820652,0.989572428847272,0.745449765014698,-0.276400564999996
"Psmd12",0.376836054974419,0.989572428847272,0.561837954211867,-0.451669932499996
"Eif3f",0.114140897592348,0.989572428847272,0.746985222024313,-0.255258559999994
"Psmc3",0.194731562215362,0.989572428847272,0.674464942649464,0.198914764999998
"Rpn1",1.02403574418323,0.989572428847272,0.350617949164242,1.6206169125
"Lman1",0.0146720947927479,0.989572428847272,0.907544015996779,0.212821722499999
"Sh3bgrl",2.54188224691406,0.989572428847272,0.16197243453842,1.9525082125
"Ppa1",0.41616261511025,0.989572428847272,0.542722943107846,-0.901551482499997
"Pgd",1.37316127817451,0.989572428847272,0.285689777703883,1.1223106375
"Capza1",0.315608849433514,0.989572428847272,0.594605870488527,0.341815472500002
"Actb",0.0754968889002431,0.989572428847272,0.792711308595636,0.150324822499996
"Gdi2",1.26790257323582,0.989572428847272,0.303173229686836,1.8477492375
"Aars",0.717381616812252,0.989572428847272,0.429487100696716,0.757885460000004
"Xpnpep1",0.794070692700811,0.989572428847272,0.407183560540654,-0.989614965000001
"Slc1a5",0.682092248592623,0.989572428847272,0.440463468404083,-1.308624505
"Ewsr1",1.11414741420509,0.989572428847272,0.331818857627061,-1.42943263
"Eif2s3x;Eif2s3y",0.560682519373759,0.989572428847272,0.482296475106935,0.595075370000004
"Capg",0.719096658659157,0.989572428847272,0.42896570043496,1.2052106875
"Rbbp7",0.800178638624712,0.989572428847272,0.40549148313503,-0.676890849999999
"Akr1a1",0.830175266947398,0.989572428847272,0.397349396769178,0.977952960000003
"Rnh1",0.0489988562314866,0.989572428847272,0.832155705628142,0.2645359025
"Krt76",3.76987292815352,0.989572428847272,0.100217104619885,-3.9066827275
"Anp32b",0.446999330025391,0.989572428847272,0.52863175969702,0.732745882499998
"Rpl24",2.5271257135504,0.989572428847272,0.163006006772925,0.971883537500005
"Scamp3;Tu52",0.592150543035804,0.989572428847272,0.470787749876011,-0.430731297499996
"Rpl17",0.451056717282767,0.989572428847272,0.526831619117704,0.305696015000002
"Rab14",0.545194092350246,0.989572428847272,0.488152247129898,-0.623636959999999
"Plp2",1.97885095074696,0.989572428847272,0.209137708593959,1.9316709025
"Rpl36",2.19245672385046,0.989572428847272,0.189188448171942,1.0489223
"Vat1",1.26128464223035,0.989572428847272,0.304326505136148,1.093021155
"Npm1",0.365151278847243,0.989572428847272,0.567789847696944,-0.495172502499997
"Rab1",0.574979048435987,0.989572428847272,0.477004926919386,0.790004252500005
"Cltc;mKIAA0034",21.0889125943405,0.816451117534264,0.00372215394531676,-1.76266097999999
"Myl6",1.37337883638022,0.989572428847272,0.285655238523442,-0.650086879999996
"Pvr",0.502453675307021,0.989572428847272,0.505019713310771,-0.438631774999998
"Cdc37",3.90414069156015,0.989572428847272,0.0955668143021229,2.46208048
"Mapre1",2.44092842073251,0.989572428847272,0.169233330281652,2.08160067
"Prdx2",0.670601729391318,0.989572428847272,0.444143066308608,1.10579085
"Arg1",0.351392488482583,0.989572428847272,0.574971736933335,0.822312832500003
"Emr1;Adgre1",0.151471425227099,0.989572428847272,0.710570873949798,0.338069915000005
"Arhgdib",0.498635916434404,0.989572428847272,0.506579944930639,1.1160101875
"Hsph1",0.00922519025618907,0.989572428847272,0.926610285536042,0.0963161000000028
"Phgdh",0.388916282077649,0.989572428847272,0.555820236556934,-0.179810047499998
"Lasp1",2.06353184716536,0.989572428847272,0.200883902075018,1.88099432250001
"Mrc1",7.46552521836133,0.989572428847272,0.0340813653840817,-2.4717841175
"Q61927",4.93673839444213,0.989572428847272,0.0680219584391605,-1.56757164
"Pcbp2",1.0516588785155,0.989572428847272,0.344680328735909,-1.1941854925
"Srsf2",0.00239374387468896,0.989572428847272,0.962566330106665,0.0367743950000019
"Trim28",0.332761933637597,0.989572428847272,0.585013992507274,0.819273235000004
"Tfrc",8.28553968592284,0.989572428847272,0.0281142297964279,-1.52347803249999
"Dbnl",4.10344650731891,0.989572428847272,0.0891938391858004,1.4054434275
"Cstb",0.787720593206067,0.989572428847272,0.408955312278539,1.58724546250001
"Btf3",0.820228584645399,0.989572428847272,0.400018851628932,1.9627451925
"Stxbp2",4.76650672929351,0.989572428847272,0.0717408387852555,1.96927786
"Sqstm1",2.44683157570108,0.989572428847272,0.168796238727543,2.103646755
"Hspe1;Cpn10-rs1",0.545441013057332,0.989572428847272,0.488057862716818,0.974822525
"Hist2h2aa1;Hist2h2ac",9.20769076722962,0.989572428847272,0.022967068466018,-2.69611883499999
"Srm",1.81079135203838,0.989572428847272,0.227033950736451,-1.092914345
"Mela;gag",0.413959439434269,0.989572428847272,0.543758600086715,-0.707257269999999
"Lars",0.00895648891832004,0.989572428847272,0.92768322225554,0.079096317500003
"Rps9",8.37481270620506,0.989572428847272,0.0275519471839143,-1.4536738425
"Eif2s1",0.00404340060769796,0.989572428847272,0.951364010101704,0.0740840449999993
"Btf3l4",0.50361455593494,0.989572428847272,0.504547097914059,1.046156645
"Tubb2a",2.48350587788855,0.989572428847272,0.166116136675012,-0.883954047499998
"Vars",0.581794547088707,0.989572428847272,0.474519514168485,-0.830209969999999
"Mybbp1a",1.87508740268176,0.989572428847272,0.219934388221404,-1.116792445
"Otub1",2.7626677494024,0.989572428847272,0.147549803030817,-1.8354876025
"Eef1d",4.78679660066192,0.989572428847272,0.0712832758487993,-2.50756359
"Iqgap1",1.15076146426806,0.989572428847272,0.324628373710525,0.931556700000002
"Mtdh",1.18330687733268,0.989572428847272,0.318438107589764,1.35092044
"Pdcd6ip",0.207855999696494,0.989572428847272,0.66448862630836,-0.506170275000002
"Tnpo1",1.05670750847376,0.989572428847272,0.343612313054702,-0.661026717499993
"Trim23",1.0857129343654,0.989572428847272,0.33757615530365,-0.792730095
"Ganab",0.00817989427818049,0.989572428847272,0.930879089103777,-0.142224312499998
"Rcc2",2.68814437401012,0.989572428847272,0.152208858722737,-0.8873276725
"Ipo5",2.4646373117024,0.989572428847272,0.167487456082417,2.47479391
"Tollip",0.153442897097987,0.989572428847272,0.708800870288394,0.585639002500001
"Psat1",7.47922501719933,0.989572428847272,0.033968293205395,-1.7977848075
"Iars",0.703438945730406,0.989572428847272,0.433766705556902,-0.606609822499998
"Rps21;mCG_6739",0.46655429024407,0.989572428847272,0.520065121313895,0.985732077500003
"Kars",7.09204486677032,0.989572428847272,0.037369592383185,-1.3222677675
"Usp44",0.183943611233471,0.989572428847272,0.682977150192669,-0.692159892499996
"Plek",0.708077216167997,0.989572428847272,0.432334891606816,0.7136278125
"Slc38a2",0.238758929659532,0.989572428847272,0.642448724975073,0.53554201
"Eprs",1.51107310821056,0.989572428847272,0.264992038145523,-0.883629794999997
"Plcg2",0.0143825194568381,0.989572428847272,0.908455804764545,0.157245155000005
"Eif3b",0.748401002369325,0.989572428847272,0.420221458256152,-0.902114387499999
"Fermt3",0.85273816192148,0.989572428847272,0.391402335997494,0.552414420000005
"Ephx1",1.17537350046899,0.989572428847272,0.319930108652425,1.1570827975
"Rtn4",4.44073464418724e-06,0.99955276789915,0.998386931972276,0.00163793749999996
"Eif3l",0.0813655084235938,0.989572428847272,0.785046043932333,-0.315609214999995
"C1qbp",0.151592850084572,0.989572428847272,0.710461468558324,0.603399517500002
"Rpl11",0.382768671397042,0.989572428847272,0.558865797833831,-0.524046422499996
"Myh9",0.538306803829497,0.989572428847272,0.490798602214975,-0.532907487499998
"Sfpq",0.712240603372493,0.989572428847272,0.431056599671908,-1.0602898625
"Sh3bgrl3",0.751670431680396,0.989572428847272,0.419264737453423,0.919515132500003
"Tcirg1",0.135142439627555,0.989572428847272,0.725777767835096,0.477804665000029
"Basp1",1.76635214539857,0.989572428847272,0.232137383411545,1.4398188625
"Ptgr1",4.58976898414457,0.989572428847272,0.0759010995955544,2.8576087925
"Rap1b",0.127261227828219,0.989572428847272,0.733499109653163,0.185236932499997
"Vwa5a",0.330293148077293,0.989572428847272,0.586373463103627,-0.594647407499998
"Aco2",0.172399315049398,0.989572428847272,0.692427094056482,0.748864415
"Arrdc1",0.305270113216132,0.989572428847272,0.600558579616365,1.0893614275
"Prpf19",0.320724409149897,0.989572428847272,0.591709016346712,-0.42649149999999
"Eif2s2",0.581284280267015,0.989572428847272,0.474704776273859,-0.866568805
"Park7",0.182266814758497,0.989572428847272,0.684327148157325,0.774965762500003
"Arhgdia",0.0427989749369766,0.989572428847272,0.842946445836205,0.361287355000002
"Cotl1",0.0750269440074795,0.989572428847272,0.793338943901827,-0.516735557499999
"Glrx3",2.49485643189615,0.989572428847272,0.165298830635596,1.49837589
"Ywhab",0.947274796745323,0.989572428847272,0.368001912507834,-1.28049016
"Rpl14",2.01398101594064,0.989572428847272,0.205655464273947,-0.670848369999995
"Arpc2",0.920994678751849,0.989572428847272,0.37427377026017,1.2821524125
"Atic",0.0270841251105147,0.989572428847272,0.87468478958074,0.154825690000003
"Napa",0.0532064211359265,0.989572428847272,0.825238842227906,-0.109651329999998
"Serbp1",0.0578520218284001,0.989572428847272,0.817931271382546,-0.581310989999999
"Blvra",0.0285843915361481,0.989572428847272,0.871298069213976,-0.241305830000002
"Gars",0.0595916399147768,0.989572428847272,0.815275699421051,0.2175169
"Cs",0.0117987434856081,0.989572428847272,0.917043834814456,0.173820020000001
"Rars",0.10853693138911,0.989572428847272,0.753013000812043,-0.168489934999997
"Oxct1",0.0650993493460026,0.989572428847272,0.807131236799233,0.419120307500002
"Tars",0.951163583606406,0.989572428847272,0.36708826149563,1.0016007425
"Cndp2",0.56047018884016,0.989572428847272,0.482375875584452,1.0988943575
"Rab1b",0.0808370736989272,0.989572428847272,0.785723631260295,0.159599304999979
"Dlst",2.70088783237698,0.989572428847272,0.151397684131679,-1.4106764775
"Chmp4b",0.595832460508965,0.989572428847272,0.469473764746147,-1.271419765
"Rpl4",0.270869061972157,0.989572428847272,0.621388187765673,-0.466984507499994
"Eef1g",0.349082926726816,0.989572428847272,0.576196378502993,-0.430387495000005
"Atp5o",0.0757081892509633,0.989572428847272,0.79242979820784,0.468248367500003
"Plin3",0.0125134145571454,0.989572428847272,0.91458020199131,0.185438157500002
"Pgam1",0.735037847352296,0.989572428847272,0.424170799264544,0.802771567500002
"Cyb5r3",0.0258840500111394,0.989572428847272,0.877464153079231,0.277823447500005
"Atp5h",0.0783023763254334,0.989572428847272,0.789007886677275,0.418937444999997
"Mvp",0.364354136355345,0.989572428847272,0.568200738519494,-0.358783239999994
"Rtn3",0.029404767886477,0.989572428847272,0.869484919195872,0.0908398649999995
"Dync1h1",0.28166712620023,0.989572428847272,0.614671174520444,-0.665738107499969
"Rpl38",0.670767053308088,0.989572428847272,0.444089744455024,0.962470054999997
"Rhoa",1.09344293542087,0.989572428847272,0.335995614874934,0.936047555000002
"Clic4",0.262214575144593,0.989572428847272,0.62689884713007,0.425828457500003
"Dnaja2",0.187988568576626,0.989572428847272,0.679750861952183,-0.618778232499999
"Actg1",0.00225367267461151,0.989572428847272,0.963677075569026,0.0391659700000062
"H2afy",5.7290860922769,0.989572428847272,0.0537653430908228,-1.40668439749999
"Psma4",0.728754031256464,0.989572428847272,0.426049876806719,1.182485105
"Psmb3",7.75813242267647,0.989572428847272,0.0317721631517114,4.204135895
"Skp1;Skp1a",0.137248673004715,0.989572428847272,0.723758441572883,0.400678630000002
"Ctsz",0.0318962895471675,0.989572428847272,0.864133264886627,-0.218168737499994
"Tagln2",0.163132481028051,0.989572428847272,0.700290384277947,-0.4961676625
"Clic1",0.357506361794487,0.989572428847272,0.571756618825915,0.466364387500001
"Hnrnpf",0.130587876638642,0.989572428847272,0.730207341709362,-0.641147377499998
