X,BV2_control_1_cell,BV2_TGFB_1_cell,BV2_IL10_1_cell,BV2_LPS_1_cell,BV2_control_2_cell,BV2_TGFB_2_cell,BV2_IL10_2_cell,BV2_LPS_2_cell,BV2_control_3_cell,BV2_TGFB_3_cell,BV2_IL10_3_cell,BV2_LPS_3_cell,BV2_control_4_cell,BV2_TGFB_4_cell,BV2_IL10_4_cell,BV2_LPS_4_cell
Tap1,14.69243622,15.86582947,16.38773155,16.07969284,14.56366444,15.96052265,16.08306313,16.64329338,13.69915295,15.72184658,16.71986961,16.69859695,15.59959316,15.23567772,15.64258766,15.92174816
Tapbp,16.37853241,15.60652065,19.1331768,18.91619492,16.53301048,19.51610756,17.94569588,19.45324326,16.78123093,18.0364418,18.86154175,17.74753761,14.83313751,14.74814034,18.21238327,18.77181816
Psmb8,17.24859428,17.60161209,18.32294083,17.82476044,17.88952827,18.119133,18.06513214,18.28906441,17.73423386,18.2056694,19.06052208,17.49856949,17.8895874,17.88970566,18.7698822,18.26842308
Cdv3,18.18954468,19.04222488,17.62663651,18.51729965,18.51941299,18.80901527,17.30438614,17.97157669,18.61590195,19.11184311,17.56257057,19.53859901,18.47151566,18.9018631,18.064291,18.63541412
Gapdh,23.50178909,23.85490799,23.77966499,23.6866703,23.28883934,23.68720436,24.06652832,23.74077797,23.57207298,23.87408257,24.6296196,23.95943069,23.6408596,23.61436653,23.78895187,23.97211075
Atp6v1h,17.20438004,17.76849365,18.95951462,18.55681992,17.88160324,18.14320374,18.77696609,18.18466187,17.64061165,17.89474678,19.01767349,17.73714256,17.35913277,17.53958321,18.67741776,18.02512932
Vamp4,16.04891205,13.25852013,16.38769722,13.7706337,16.37909126,12.96720028,15.97716808,16.42377281,16.52406693,14.2379837,17.5357151,14.31006908,16.16923904,17.03981781,16.3550415,14.69940376
Eif4e,18.0237751,17.73562241,17.87747574,17.14220619,17.68503571,17.14250565,18.70401192,18.20079231,17.62421036,17.73489571,17.98403931,17.72480774,18.17489624,17.20457077,18.4774971,17.60754776
Stap1,14.80624771,13.9356184,14.89315891,17.61525536,15.40597248,14.01975441,15.73526478,17.51722336,15.29483604,13.47848797,14.93465805,16.14266586,14.86466885,14.61073685,14.97025871,15.63168907
Gng12,16.92404747,12.61316872,18.17942238,18.2421875,18.32025337,14.3301897,14.0595932,18.29849243,17.33402824,13.49643993,19.11227608,14.563447,13.93568707,13.53857899,17.86465836,17.57666206
Irg1,11.36342335,13.33273602,9.63877964,20.4623394,14.35140228,15.52787399,14.20944309,21.07913589,8.791032791,14.03725433,10.12631702,19.82621956,14.57058907,14.31502342,13.99026108,20.86317635
Scly,16.1494503,15.93479633,15.78586102,14.22032452,16.00092506,14.12144852,15.73131943,16.12011719,16.54079437,14.31070328,17.67638397,15.40464306,16.52845383,14.26222801,16.00110054,16.24876213
Pck2,18.64804077,17.98470688,18.4468174,17.4258709,18.62513733,18.4522171,18.09702301,17.67521286,17.98036194,18.12711716,18.61561584,17.24125671,17.51190758,18.50206947,17.53693008,17.17562675
Lrp1,17.57348442,18.85489273,17.83805847,17.56271935,17.81521988,18.66684723,18.00256157,17.80322266,16.57850456,18.94125938,16.21015739,17.87135124,17.12615967,18.53149605,17.92404747,17.40806389
Dab2,18.76926994,18.14330292,19.29732895,16.39062309,18.99178123,18.28906441,19.45851898,16.74464989,18.11446381,18.52405167,19.77571297,16.47370529,17.71940231,18.45907974,18.99382782,15.83145523
Arsb,13.61179066,17.04740143,16.52897263,16.10744095,13.97693539,17.59732437,14.63503742,15.23866558,13.18889141,16.98726463,14.11455631,14.27437592,13.06547546,17.08638573,15.92369843,15.36929035
Kctd12,14.68628883,14.93244553,16.19767761,17.75303459,14.96285057,16.50458717,15.652565,17.67037964,13.74688911,15.61442184,14.47801113,16.32085419,15.5211401,15.17383289,16.23365784,16.6132431
Ptov1,20.06104851,14.49542332,19.17111397,19.7369442,20.7274189,13.87841797,19.65862656,20.7164917,19.93344307,13.86170959,19.55657768,18.85750771,19.23745728,20.06131363,14.71072197,19.34230042
Rnf213,13.59245682,13.85603619,17.222229,17.14270592,14.68967056,14.38127232,16.9058342,19.12744522,15.42564201,13.98459625,15.66030216,16.02252007,14.01463032,14.35486889,15.00435257,15.95358276
Ftl1;Ftl2,15.9818573,18.35913277,17.46084023,15.78943157,14.79423809,16.58028793,17.70576668,15.64410973,16.0237751,18.77635574,18.62667084,16.60782242,16.67906761,17.72873116,17.31690025,15.35576439
Ampd3,17.11816978,13.15075302,16.67120934,18.68332291,17.20667076,17.82444954,17.006567,17.95685196,14.03780365,13.82689285,17.50966644,19.78238487,15.27455997,13.99602032,14.60064507,18.94005585
Cep295,14.39241219,21.5945034,14.27024555,18.69149208,13.97247982,18.59768867,18.17206573,18.22703362,13.93323421,18.90059471,13.37656975,19.10697174,18.54898071,18.52733994,18.02950287,18.55491066
Atp6v1b2,19.682827,19.80969048,20.0664463,20.27889442,19.92276955,20.0891304,20.51354599,19.75274086,20.06289482,19.62615395,20.53611374,19.75104141,19.52196503,19.84877968,20.14058495,19.71362495
Lrpap1,18.46702385,20.19808578,19.97323227,18.61446571,18.13265038,19.89591599,20.41689301,18.64406776,18.72863197,19.95659828,18.47532272,16.90794754,19.73385239,20.01209068,19.55146027,19.05618858
Cd63,13.96745491,18.10169792,16.36502457,16.26202202,13.88763142,16.43965149,13.74142742,14.748703,15.74522781,16.54978561,14.49934673,16.54632187,14.30331612,17.75094223,14.47228622,16.44787407
Tbca,17.12646294,17.8024025,19.14514542,17.21086121,17.85671806,17.74969864,17.78711128,17.49513626,17.97907829,17.88833809,18.55172348,17.60956764,18.06134033,18.3502655,18.02593994,16.86701393
Rbmxl1;Rbmx,18.05377769,17.10819817,17.75948524,17.53897667,17.5478878,17.56584549,18.13144493,17.25902557,17.69288826,16.98370552,18.41365242,16.95503616,17.13931084,18.10814667,17.78391838,16.60120583
Mapk1ip1l,17.27239227,17.84033585,16.45491028,17.16526031,17.64357376,17.81378174,15.79373074,13.66770744,17.27421379,18.09774399,17.8634491,14.26620007,18.33533859,17.53609467,13.90682507,13.17283344
Oxr1,16.03943253,16.54925919,16.32044792,15.24265289,16.55352402,15.80377769,14.84288025,15.80130386,16.74609375,16.18483734,17.18466187,13.80951023,15.7827425,16.41370964,16.04748535,13.24944592
Tmem173,15.11821079,15.70314693,17.76668358,13.71599007,14.83026791,15.66943836,15.04401016,15.68718433,14.87891293,16.20049667,17.67348862,15.05216885,14.06819057,16.08214951,17.06128693,13.86849117
Khsrp,19.07122231,18.58999443,18.90254021,17.904953,18.92027092,18.00826454,19.44414902,18.6745224,19.61264801,18.84717369,19.07006836,18.07059288,18.3150425,18.31406975,18.48199654,18.13831139
H2-D1;H-2D;H2-L,16.20187569,17.47903824,18.68435097,18.91855431,16.38825226,17.92067909,19.18248177,19.15731239,16.8181572,18.3246994,16.50661659,18.27480507,16.0551548,16.82426262,17.92526436,19.47581673
Scyl1,15.86944962,15.12238312,15.96578407,16.73753738,16.11492157,15.58405209,14.07468796,16.18169594,15.3690176,15.34886646,14.34645748,16.0633316,15.85946178,15.17994785,15.35300922,15.95848465
Nedd4,15.19433403,13.7345953,15.56736183,17.04014015,14.60458469,15.81162548,14.98547077,16.86809921,15.44621086,15.98777485,13.69295311,17.01965523,16.77840996,14.79872513,15.54348469,16.29000092
Actn1,18.04094315,18.82192993,18.44240952,18.0414772,18.43607712,19.62948418,18.25086212,18.40528297,18.57004166,19.06205177,19.62825775,17.582407,17.86749649,19.14502144,18.68335724,18.3662796
Srrm1,21.33090401,21.17029381,21.03429413,20.92404747,21.5553894,13.67022324,19.9791069,21.34824562,21.93617821,13.08025074,19.55033302,20.68611336,21.12533951,13.51938343,20.90602493,20.50813866
Rpn2,18.2662735,18.78084755,18.73836327,18.95318985,18.34412193,18.52959061,18.67961693,19.42425156,18.64733887,18.99686432,19.45713615,18.55472374,17.33995438,18.62731361,18.82401466,19.25471878
Eftud2,21.30635834,20.09854126,21.57888222,19.26049614,21.77080345,20.20943451,21.12047577,20.66049004,20.85999489,21.13614845,21.37766647,20.44728088,20.30874825,20.16570282,21.00689507,20.26956558
Hnrnpa3;Gm6793,19.40251732,19.59983253,19.43010521,19.00014305,19.16582489,19.35276794,20.21347427,19.29450417,19.71500015,19.52668953,20.53630447,18.33053207,19.3357296,19.62388802,19.93732834,18.93784523
Asph;ASPH,16.3990612,16.93755722,17.64624977,16.61712265,16.67934227,17.58827591,18.61255836,16.32291412,17.05377769,16.26330566,18.21086121,16.16518211,16.07481003,17.07326317,17.46690559,16.62513733
Gpd2,15.61637688,16.06065369,16.56316566,17.72420692,16.7410984,17.01595879,16.31282997,17.6067524,16.35511017,16.79880142,17.35130119,17.00371552,15.66566944,16.77892494,16.34057999,17.05441284
Srp14,15.50878525,13.95328712,16.71612358,15.10537624,15.14461803,15.58346462,16.64329338,16.26972961,15.21545696,14.80292034,15.56146717,14.98013973,14.84293938,15.34897041,16.05008316,15.31833076
Rrbp1,17.25266457,15.94729424,17.77545547,15.62636471,17.08399773,16.15531158,16.97768211,16.50801086,15.96045494,15.49247932,17.62699318,15.41979599,16.07854652,17.15115547,17.14380264,14.77951431
Pdhx,16.4352951,16.81615829,15.48331165,13.98259926,16.71290398,16.38919449,14.37382317,14.64695549,16.96882439,15.98457432,17.02583122,14.5111351,14.12682247,16.51165962,15.04557514,14.08655262
Manf,16.33054924,14.20082188,17.08275223,15.01741695,16.15900421,14.82818604,16.4310894,14.88696384,16.68263817,15.24803829,17.76758957,14.36315727,15.50537777,16.29644966,16.00290298,14.38801765
Aifm1;Pdcd8,17.36084747,17.65557289,17.98859596,17.30402946,17.88446808,17.23125839,18.28297043,18.17421341,17.79911804,17.35664177,18.56803703,18.18867493,17.097332,17.40648651,17.8900032,17.41641808
Clta,18.95872307,19.55771828,19.00769043,19.76883316,19.67324638,19.4472599,17.20905304,18.82258415,19.40409851,20.70607185,18.60649872,19.85782623,19.03606606,19.70959282,19.07770157,19.35324097
Dip2b,17.8945694,18.00201225,18.48176003,14.42419624,18.653965,18.00935936,14.44890118,14.28864098,19.02666855,19.36161804,19.08243942,18.04564285,18.86930466,19.07308006,18.29934311,15.70525455
Xdh,17.62563705,16.35710526,18.19873238,17.26590729,17.77879524,16.44763184,17.94615173,17.12565613,17.87261391,16.70833015,19.10310936,17.72986031,17.13620949,17.44483757,18.10697174,16.99964714
AI607873,15.05176163,13.31842899,16.4101696,13.89747429,14.28722668,14.38421535,16.67824173,15.65043449,16.13835144,12.61850739,16.68222618,15.62265205,13.58010674,14.14341259,16.61769676,15.38549137
Epb41l2;Epb4.1l2,16.93606186,18.31614876,17.49075699,16.49139977,16.86387253,18.07785797,18.09114647,16.7868576,17.18833733,18.48750305,18.70920563,15.74043941,17.57916832,18.60837746,17.64322281,16.21505928
Flna,19.79759789,18.86613846,19.39577675,20.33298111,19.82287979,19.48260689,19.3534565,20.22211075,19.80423164,19.31243134,20.52430153,20.54018784,19.18548584,19.47119904,19.57951927,20.07300186
Anxa1,18.88414001,18.66427994,19.98718071,17.95668221,18.98776436,19.39878464,20.58792686,18.7079258,19.90929604,19.51918411,20.86733055,17.87026787,19.12340927,19.74050522,20.33864975,18.44673538
Ndrg1,18.75139999,15.9677887,19.91807365,16.03342247,19.12227249,19.03555679,19.84386635,16.53645897,20.23561287,18.80634117,21.54297638,16.08984375,19.49580002,19.58187294,20.70277786,13.31140137
Osbpl8,17.31822586,16.32115364,18.54525185,17.11816978,17.47919655,16.42729568,17.72633743,18.20127296,17.63594437,16.90124321,18.48140526,16.74910927,16.52737045,16.39070702,17.26865196,17.13330269
Qdpr,16.85841751,16.3052063,17.08711052,16.66788864,16.88952827,16.6660862,18.18659782,17.41129494,17.80681419,16.87819481,18.4093914,17.01203537,17.4472599,17.41913795,17.63012505,16.74004364
Arap1,14.15061951,12.89804554,15.80251598,16.05951309,14.29591274,13.05097103,15.48163319,16.60329247,14.68573475,14.53126812,14.96317291,15.19694805,13.42362881,14.60420609,15.87387657,15.82816124
Setdb1,18.12666321,18.41707802,17.61762619,20.38521767,18.5968895,17.97101593,15.35269547,21.22434998,18.83651924,17.87903214,19.98008347,20.20490456,18.36529732,18.28405571,17.76920509,20.39288712
Acsl1,16.38517189,16.25222206,17.23444366,17.77661324,16.20752907,15.80823517,17.27794075,18.74149323,16.54201889,15.88860035,18.01105309,17.57496262,16.04804039,16.03630257,16.99556923,17.26901627
Tpd52,18.9345665,18.94500923,19.90980721,16.3537159,18.49740028,18.36755943,19.93747139,19.00796318,19.36161804,18.41749001,21.01188469,18.21247673,18.76425552,19.0340519,19.51439476,17.67604065
Gls,16.56222725,15.44385052,15.66216755,15.8283844,16.54901695,14.51428127,12.79231262,16.61223412,16.66275215,16.00967598,14.26883698,16.5024128,16.82426262,15.63043785,13.60508633,16.82189941
Abhd12,16.12238312,17.33498955,16.39864349,16.96443176,15.66491985,17.22966385,13.94696903,16.9924736,16.49302673,18.02647972,16.66871834,16.33345222,16.5999279,17.40407753,16.52012825,16.09286118
Npepps,17.24720383,16.67617798,17.84113503,17.80511475,17.08648872,16.72067261,17.9031868,17.43493843,17.65885353,16.86592674,18.76923752,17.0502739,16.0431118,17.31884193,17.91467667,16.53244781
Ahnak,21.32377625,20.44849205,20.87612724,20.00278282,21.63635254,19.7803669,21.06493568,20.97854805,21.90705109,20.62889671,22.47154617,20.35541534,21.36565018,21.27497673,21.42136765,20.0609169
Myo1e,17.21788216,14.97015095,15.91891003,13.62422466,16.14374161,15.56125832,17.04889107,14.4126358,15.1109724,15.39261913,17.06350136,12.99481487,15.56777763,15.30702305,15.98735237,13.1994772
Ctss,14.42644596,16.84757042,17.23369408,16.29055977,16.27661514,16.39240074,16.41119576,14.4438343,16.72174072,16.3669548,17.52993393,15.93525696,15.17578316,17.43518257,16.86266136,15.8225956
Bak1,16.80511475,17.95304871,16.71772957,17.71390915,16.83071327,17.14946938,13.95036888,17.36367226,17.14001083,17.51622391,16.15989113,18.09202385,17.35112953,17.13280106,17.097229,18.02133751
Ahnak2,17.21769333,18.16049194,17.52764511,18.32799149,17.77815437,17.57983208,17.52106285,18.22881889,17.55794144,17.89864922,18.74658585,19.24237442,17.83083725,17.87867355,17.95492363,18.47163582
Ncf1,17.40074539,18.24223518,18.74560165,19.22055244,17.20590782,19.24039459,17.97039795,18.09764099,18.25801468,18.67407417,18.99849129,19.16751671,17.96741676,18.341259,18.26915359,18.69791794
Spp1,18.36521149,18.73905563,19.53235245,16.12064362,18.5042057,18.70222092,18.03633499,16.04857254,17.5439682,18.87318611,19.84946632,17.34256172,17.67899895,18.89299965,18.87234497,17.41584015
Serpinb6;Serpinb6a,18.44139671,18.48302078,18.61751747,18.14504623,18.27598763,18.51356506,18.54381752,17.95781708,18.58908081,18.34931564,19.37122345,17.7796936,17.96538925,19.30983543,18.42836761,17.99014854
Tra2b,13.43502331,16.6617775,17.04761314,17.2765789,14.18153572,18.20079231,16.90312958,17.16359138,13.96260452,18.20179939,14.76311684,17.20007515,17.42938995,17.76661873,17.08938789,17.21665192
Ctsa,18.87609673,19.87017822,19.6937561,19.57294846,18.35737228,19.78921509,19.11753654,19.77098083,19.40420151,20.37220192,19.89365196,18.39079094,18.87201309,20.42326736,19.42971802,19.16277885
Mtss1,15.6128397,15.64751434,16.66233444,14.60917854,15.3625946,15.4493103,15.84473038,14.47706223,16.95685196,15.79083252,17.6580162,15.50509834,16.17311096,14.86549187,16.85817528,14.7875967
Psme2,18.57710457,17.23734093,17.20943451,18.9726162,18.0745697,17.36247444,12.65769386,20.06500053,17.88434982,15.37812519,14.9312458,19.13611031,16.73277664,17.99777412,17.39489746,18.87180328
Idi1,13.34788418,13.91242313,16.094841,16.05146408,15.0156765,15.90564537,17.08545113,15.87644482,16.83034134,13.39160919,17.56569672,16.19387245,15.31953144,14.32091713,17.01388931,15.66830349
Atp2b1,17.0372467,16.59283638,17.20933914,13.36899757,17.29463959,16.45821381,16.32734299,16.56838608,16.94169044,16.78634644,18.06707764,16.04454422,16.57471085,16.85050392,16.88405037,13.5514307
Cyb5a,16.64624977,14.22317219,16.4935112,15.72139263,14.51372719,14.58249474,14.07322121,19.1498661,14.70428181,13.41204071,12.92714787,14.84597969,14.19005585,13.18028259,14.32108212,17.78180885
Esd,20.32212639,20.45573235,21.30491066,22.61739731,20.43104362,21.83302498,21.45648384,21.70358086,21.18046761,21.55501366,22.00699806,22.36508942,21.07025146,20.95119858,21.13520813,22.13630486
Adssl1,16.46933937,18.16643715,17.64990234,15.9724865,16.8294754,19.45597267,17.62335205,16.23999023,17.18766212,19.54732323,17.93427849,15.94045162,18.85744667,19.40434837,17.65885353,14.98948288
Bsg,16.22817993,15.64041424,15.30078125,15.46945095,15.96088409,15.53025436,13.82916355,16.09895706,15.21158409,15.48683548,14.04638863,13.79249573,15.70163155,15.41409016,13.61347675,15.65180874
Dpysl2,16.70994568,17.52129364,17.75401306,17.0625515,16.71357536,16.98136711,18.2789402,17.76642609,17.81083488,17.34186554,18.91992188,16.77094841,17.63119125,17.87315559,18.15254211,17.06381607
Casp6,14.35940647,15.05570602,16.13004684,15.05998898,15.81743336,13.83006287,15.88094616,14.00799084,15.17289639,15.36040115,15.60666561,13.95773697,14.71772957,15.19533348,16.00417709,13.52024841
Prkcsh,16.55906296,18.86852074,16.42752647,18.82096481,17.05949211,19.54771996,13.95468235,16.63282394,16.87687683,19.78455734,17.04974174,19.73966599,18.98931694,17.69947815,16.36823273,18.05446625
Prdx4,20.97351265,21.12571907,21.56467438,23.38640213,20.67710686,21.07077599,21.70944023,22.96141052,21.04426956,20.14606667,21.94824409,22.25352478,20.05867386,20.40259933,21.48143578,23.19022369
Sdcbp,13.51631546,13.03161526,13.3841095,13.26096344,13.51965618,11.84877968,15.30509949,14.15595913,13.05648518,12.19337177,13.48167324,13.97360802,13.88213444,13.25263596,14.00734615,14.60813904
Psmb1,17.6714859,18.33603668,18.46845627,19.17252922,18.44560432,19.27589798,18.90239334,18.42664909,18.28079796,19.00599098,19.7195034,17.86870193,17.81020737,19.04556274,19.1705513,18.61468124
Gsto1,20.96324539,20.43766212,20.46473312,19.98217392,21.03711319,20.8536911,19.70105171,20.23934746,20.94220543,20.59996033,20.3231163,19.29815674,20.03630829,20.38015175,20.09918404,20.1639843
Rpl21,19.22135544,18.16820145,18.84404945,20.03898811,19.0564003,19.83445168,20.53999901,20.1316967,19.48451614,19.05189323,20.06039047,20.62863159,19.44667625,18.73796654,19.42996216,20.89881134
Gclm,16.24075317,17.58644485,17.73978043,18.90815163,16.9560585,17.0111618,17.47801208,18.54238129,17.48053741,17.5478878,16.39136124,19.13415527,17.26306725,17.05016708,17.13500786,17.52114105
Scarb2,15.30228233,15.85065079,15.04827404,15.56417942,14.97333908,16.54757309,15.54218578,16.21869659,14.72312737,16.31808472,16.23185921,15.17866516,15.40889359,16.81978035,14.64908791,15.24023247
Ddt;Gm20441,15.06760216,14.79243469,16.26413155,14.77143764,14.47161198,15.7298069,15.4116106,14.60559559,14.64993,15.3276577,16.4584713,15.15545082,13.74327946,15.24915028,14.83229637,13.8780508
Npc1,15.6504631,15.00553703,16.12708664,15.487463,16.12125015,16.50421333,15.74065018,14.45187759,16.16545677,16.50430679,16.00915146,14.89472294,15.85652256,16.79004288,16.26336098,15.46020031
Anxa3,19.29113388,18.49615097,18.90374565,18.05011368,19.31274033,18.41983604,19.58563805,18.72992516,18.81547165,18.63264656,19.58679199,18.08353043,18.32882309,18.66275215,18.80410576,17.9533329
Psmb10;MECL1,14.5541687,14.16443539,14.67606735,15.13418579,15.45037365,13.9262085,15.56370258,16.53764343,14.88116169,13.85919571,15.6141634,14.82858276,14.39265251,14.51643848,16.49348068,14.4893465
Copb2,18.11766434,17.52711105,18.57300377,17.47413445,17.49083519,18.04238701,18.58534431,17.90724182,18.2032814,18.09584045,18.40934944,17.55067253,18.29468346,18.15906334,17.81903076,17.59273529
Rpl35a,18.86117744,18.59707069,17.26407623,18.61938095,18.26279259,18.69040108,12.68077087,20.39790916,19.5243206,18.34780312,15.71791744,17.50533104,19.28378487,18.87222481,17.16388512,19.49886131
Gnpda1,18.45012474,19.86489868,18.57938957,18.64674187,18.14101028,19.22213364,18.61927414,18.13380432,19.2307663,19.23857689,19.01565933,18.40851974,18.79372978,19.22665596,17.75870514,17.93841934
Lgmn,19.75912666,20.81644058,21.55196762,20.88166428,20.34516335,22.25479507,21.18331718,19.98008347,20.44828987,22.07028389,22.40556335,20.6413002,21.44111252,21.06276321,21.74147606,20.19087029
Hprt1;Hprt,18.73145103,18.16182137,19.93135262,19.15276527,18.88845825,19.81199455,19.98773575,18.2931118,19.33836555,19.20423698,19.64339828,18.72060585,18.42176819,19.49515533,19.44437218,18.85771942
H2-K1,15.62890148,16.53566933,17.9296627,18.85209084,15.75083828,16.86266136,16.72800064,18.62313843,16.90242195,16.24263382,18.0270195,16.99214172,16.13554955,16.07374382,16.47538567,17.91093636
Fabp4,16.7600708,13.84401894,19.06268311,15.55269909,15.62978363,15.3837719,18.91453171,15.91256237,17.50106049,15.19140625,19.69086075,15.21988678,16.88285828,15.81480789,19.30817032,15.9190731
Tgfb1,13.54140472,15.71756935,15.08777046,15.87572575,13.47699642,16.08547211,13.79627895,15.47807407,14.4694767,16.15920067,15.68101883,16.33490181,14.42043114,16.30156708,13.9021244,13.35486221
Saa3,13.97480965,15.87125587,16.0086689,17.27939224,14.23955727,15.95726109,13.92541504,16.92763901,14.09932804,13.78234005,14.4364233,17.83904457,13.20401192,13.15183163,16.50197792,17.30358505
Aldoc,18.86495972,20.14370155,19.61286545,18.82814217,18.69084358,19.54213715,19.56322289,18.91143227,20.19604492,19.90856361,20.37718964,18.42636299,19.90393829,19.98607063,20.14320374,18.60414696
Got2,18.10896301,19.0340519,19.23978996,17.69676399,18.79623604,19.00409889,19.58264542,18.10077477,18.92146301,19.02158165,19.88317108,17.54026413,18.76415825,19.17062378,18.8399353,17.29086494
Me1,13.65161228,13.58618832,13.891119,14.37055111,13.44617844,14.35913181,13.99929523,14.65815544,13.82087708,14.39272022,14.39097214,14.79897785,13.84715557,13.33565617,14.33448315,14.21514225
Anxa2,19.91838074,19.93243408,20.93423462,19.8693943,19.65810394,20.44374466,20.90683174,19.58209419,20.72033691,20.4793148,21.66431618,20.07835388,21.00573158,20.39393425,21.1675415,19.86329651
Hsp90b1,21.07424355,21.75429916,21.47367859,21.73102951,20.79209518,21.587286,21.50542831,21.09016418,21.24312973,21.90587807,22.00877762,21.55749321,20.99893188,21.41890144,21.30173302,21.63582039
S100a10,16.75955009,17.98186874,17.93548775,17.97454834,17.45450783,16.6669178,18.66462708,17.77552032,18.41270256,16.63197327,19.59379196,16.37177658,17.98119926,17.37364769,18.40603065,17.56368828
Apoe,18.51117325,20.73562241,19.82979965,19.09062958,18.98584747,19.6417942,19.50109863,19.16981697,19.15528679,20.75246239,19.88897896,18.13676071,18.76923752,20.73859406,19.23137665,18.77143097
Mdh2,20.79883194,20.67719269,20.87522697,20.89200592,20.79336548,20.57283783,21.02675056,21.17517662,20.7282486,20.2406292,20.79018593,21.34380722,20.53592491,20.56811142,20.567276,20.81753349
Gnai2,18.34104156,18.93470955,18.84542847,18.08098412,18.17942238,18.62984085,18.48278427,18.24395561,18.26283836,18.66934204,19.35378075,18.47915649,18.48652077,18.8189373,18.42632294,18.35328484
Lyz2;Lyz1,16.23095894,18.63310814,16.29697037,19.08147812,15.18956661,17.27221107,16.15655708,19.16113281,17.40474319,18.02847862,17.73780251,19.73595238,18.44641304,16.53081703,16.41603851,19.04494858
Ncl,21.87301254,21.42608643,21.01807976,21.72083855,22.44002342,21.09777069,21.00195885,21.95027351,21.52821732,21.26859474,21.45703697,21.73797607,21.58311462,21.26120949,21.05245209,21.48084259
Sod2,17.16888809,16.89023972,17.64406776,18.33525085,17.38228607,17.55988503,17.54154968,18.04137039,17.1041069,16.59939003,18.41055107,17.43216705,16.9466095,17.52366829,17.36144638,18.54374123
Ctsb,19.64186478,20.59750748,21.04780006,19.92538071,18.61173058,20.35369301,21.05152321,20.28568268,19.185606,20.1157856,21.31462288,19.87821007,19.63583946,20.30863762,20.33603668,19.65670776
Gstm1,19.36198235,20.08990479,20.67796707,21.70349693,19.1577816,20.46692467,21.30089569,21.44445229,20.97323227,19.6992569,20.6906395,21.82590103,20.78668213,20.33352661,20.26270103,21.98071098
Oas1g;Oas1a,15.50565624,14.53739452,17.5810833,18.45193481,15.80863762,14.22487164,16.11323357,17.76454735,16.65843391,13.53157806,17.61654854,14.6892786,12.98359585,15.92200375,16.9751091,17.89041901
Gsn,20.68200302,21.66044617,21.4552803,20.36794281,20.4913044,21.11005974,20.92281342,19.92291451,21.84122658,21.68401718,22.31010818,20.8016777,21.76093102,21.62520027,21.65909767,19.92395973
Rps16,20.84605598,19.93315506,19.9859314,19.91349411,20.417202,19.93416214,20.08990479,20.69956207,20.86022377,19.96648788,20.3264122,20.47397614,20.24004555,19.84478569,20.08692932,20.08381653
Anxa6,17.57052231,18.60700607,18.95077324,18.09825897,17.75714302,18.66622353,18.70654297,18.18558121,18.75417709,18.88399124,19.7971859,17.88595772,17.58695793,18.54634476,18.72027016,17.85787201
Hmox1,17.87969017,17.74254608,20.93200111,19.82775497,17.85890388,18.83778191,20.16594696,20.40093422,18.56800079,19.2310009,21.04600143,19.38971901,18.40216255,18.93907928,20.2873745,20.04992867
Glul,16.79322243,15.8967104,16.96273804,12.69511127,17.03617287,16.72307396,15.20078373,14.81083107,15.61921692,15.62462425,15.30331707,14.44395447,15.33995438,15.97618389,16.02098083,13.30493355
Lgals1,20.49198914,20.63342857,20.75319672,19.82787895,20.53497505,20.47199249,21.0685482,19.58767128,20.9642334,20.65613174,21.06157684,20.03671074,20.27900696,21.06953049,20.78276825,20.40966034
Lgals3,21.07391739,18.10972786,21.25787544,17.50804138,20.04193115,18.32263184,21.84080315,18.85419273,20.02458763,17.77834702,20.25118637,17.42028999,20.11540413,19.51252365,20.51854897,18.91040802
Ass1,16.2031765,16.4511795,16.48453903,18.97317696,16.43342209,17.66705704,16.17451668,18.18218994,15.89652157,17.21788216,16.60796547,18.13545799,16.09248924,17.15837288,16.0873394,18.12611008
Lamp2,17.01268959,16.7534256,18.00722504,17.54540253,17.48785591,18.09254074,18.63417244,17.58314133,17.46809959,17.20160675,18.43110657,16.54359055,16.34687805,17.98365021,18.06007385,16.53759766
Ap2a1,16.77198029,16.43054962,17.78212738,16.83812141,16.9263649,16.92207336,17.74897957,17.3860817,17.30990219,16.69750977,17.88655472,15.98165607,16.36163521,17.36581039,17.37041473,16.43037033
Ap2a2,15.4448204,14.45462036,16.9950161,15.20254517,16.20024681,15.42649364,16.88857651,15.590909,15.51533031,13.51428413,15.29171371,13.7267561,15.66258526,15.62096405,15.91893291,13.11560059
Gba,18.66546059,18.87513733,18.01916695,19.2258091,18.96129799,19.83510017,17.86326599,19.53814316,18.05361748,19.83267593,18.0503273,19.91491127,17.33018112,19.04790688,17.6988678,18.89447975
Selenbp1;Selenbp2,16.53715706,15.76006985,18.11953926,14.01767826,16.4758606,16.30265617,18.28093338,14.33273602,18.75051689,16.77416992,19.1258831,15.25185204,19.16548157,16.5063858,18.29965591,14.57104111
Tpi1,21.80191422,22.03872108,22.13914871,21.41910553,21.5237751,22.15003967,22.26413345,21.75690651,22.37254715,22.01096344,22.18830681,21.64486885,22.12126732,22.08786774,22.23943329,21.57759285
Gstp1;Gstp2,19.16191864,18.75192261,19.46023941,19.43151474,19.19899559,18.64572144,19.53351212,19.58213043,19.51416397,18.79265022,20.56746292,19.78303909,19.23713112,19.24476814,19.82203865,19.67733002
Cox4i1,18.53168678,18.93658066,19.86387253,18.58501434,18.25852013,18.34503174,20.7803669,19.68903542,19.28926659,18.18122101,19.32647705,18.21081352,18.51580048,18.15120506,19.48640251,18.81925011
Hspa5,21.44939804,21.74657059,21.84003639,21.45427704,21.43389893,21.24080276,22.221138,21.94870567,21.40098572,21.49969864,21.96250534,21.43058586,21.31478882,21.63356018,21.74205208,21.80581474
Hexb,16.24280167,17.53077126,17.07785797,16.42542839,17.1201973,17.33263016,17.95310593,15.71231174,17.33437729,18.70428276,18.1696701,16.554245,16.67424774,18.59739876,17.95390129,15.90517521
Prdx3,17.91543579,17.57953644,18.02209663,18.08824921,18.6127758,17.32228088,18.44503975,18.9665451,18.18432236,17.34957504,18.62006187,17.99346924,17.6667099,17.7250061,17.78193665,17.98270416
Vim,23.11135101,23.16401482,23.76577377,22.70588112,22.92632866,22.87308884,23.9392128,22.75896072,23.37636757,22.83377647,23.96595955,22.67648315,23.71837425,23.39584541,23.919981,22.80996132
Mfge8,16.67535019,17.29095459,17.72587204,18.86625862,16.93560219,16.84450912,17.92931557,18.84601021,17.75707817,16.84597969,17.77474785,17.85756874,16.22644997,17.19113541,18.05563164,18.85817528
Ap1g1,16.10322571,16.58105278,17.48597145,16.97723579,16.37726212,17.05547333,17.33786583,17.38742828,17.13490677,17.22769165,18.34888458,16.77828217,17.0712738,16.75942039,17.51529884,16.91730309
Pnp;Pnp2,18.52848434,19.15829849,19.94392204,18.68212318,18.46610832,18.83682632,20.08666992,18.88309669,19.35988235,19.35431862,20.76652336,19.107687,18.3440361,19.51795387,19.31990051,18.29122543
Glb1,14.47744179,15.53116798,15.06730843,15.45114708,14.80074787,15.34207439,14.61235046,15.72656441,15.05210114,15.61758232,14.84509754,15.92499828,13.52132511,15.47566986,14.88312054,14.68885136
Cat,17.24349022,18.14872551,19.14165878,19.9779892,17.04878426,18.6403656,18.91207695,19.76127243,18.72050476,18.3610611,18.66947937,19.05478477,18.47084236,17.83707428,18.67186546,20.18422699
Tln1,18.94974709,18.29768562,19.18611336,18.68130112,18.85765839,18.40673637,19.46187973,19.07253075,19.45285988,18.56777763,20.41359138,18.42033005,18.91496849,18.95063019,19.42123413,18.33494568
Msn,20.73372078,21.52707291,21.19056892,21.93131638,20.56411552,22.00415421,21.06019211,21.31135559,20.9349556,21.86287308,21.26051903,22.15196037,20.98509789,21.50494385,21.18198395,21.63847542
Pdia3,21.95517921,22.40719795,22.62638283,21.93034172,22.21014786,22.14920235,22.40436745,22.17682076,21.88888931,22.23137093,22.32709694,22.13232422,21.75861549,22.46650124,22.42508698,21.71175194
Marcksl1,16.23230934,17.88536263,17.2575531,18.86420441,17.22609138,17.4803009,13.75659847,18.57300377,16.67120934,17.44911575,13.94867325,17.0231266,17.41650009,16.72400665,13.65653038,17.47492599
Hexa,14.97297955,16.50512886,16.77815437,16.05708122,15.84933186,16.58912468,18.98359489,14.66343594,16.4600563,17.02788353,17.49012947,16.34667015,16.17195892,17.1582737,16.20640373,15.53991604
Casp1,15.69106197,16.51928329,16.99755478,16.79182434,16.20187569,16.37710953,16.70859909,16.79093361,16.51026917,16.25150108,17.93663788,16.02749634,16.29426193,15.53132057,16.89225769,16.5130024
Scp2,16.13490677,15.78217888,17.28002739,15.35249138,14.93525696,15.55257893,17.26425934,16.47951126,16.60411835,15.61157227,17.61302757,15.63529301,15.31164169,16.02136993,16.98392868,16.16628075
Prdx1,22.22640991,22.42111206,22.83298492,23.76405334,21.86045074,22.05318069,22.59541321,23.66828156,22.10139656,21.41941452,20.17414093,23.7039814,22.14030457,22.03496552,22.73799515,24.28347969
Ptpn1,14.27073288,14.095397,16.38275909,15.17301369,13.6785202,14.59170246,18.26265526,17.54162598,14.63428211,13.51694107,17.02355957,15.78672886,13.43854618,14.69462967,15.24388027,15.18812561
Por,17.55674553,17.10523415,19.09462929,19.27063751,18.34737015,18.30639076,18.5788002,19.39738655,18.32179642,18.27834892,19.35530853,18.85665703,17.70083237,17.49973679,18.45735741,19.73752213
Hmgcl,17.80719185,16.38066483,17.56807518,14.52196884,16.95753288,15.51690006,16.88094711,16.52820969,17.5290947,16.05101776,18.21953773,15.22614861,16.39201546,16.55921364,17.60754776,15.07773399
Hspa9,21.0673008,20.35831642,20.30507851,20.72691917,21.07939529,20.19736481,20.31672287,20.97239113,20.64253426,20.17609024,20.45633507,20.8931179,19.98175621,20.36356544,20.26373291,20.64473724
Cd9,18.58424377,18.68236351,17.5629425,17.76907539,18.78742981,19.55779266,19.07501411,17.65682983,18.08046341,20.2406292,20.23794746,17.25174141,17.80932808,18.79277802,18.75766373,17.7534256
Akr1b8,14.99863434,14.99757671,16.80435753,17.94312096,15.55671597,16.84696007,17.08762932,16.73991203,15.94129944,16.4550705,17.04825211,17.26599884,16.59003067,16.04322052,16.92879677,17.95917511
Acadm,16.95446968,17.69492912,17.36050415,15.94747734,17.74379539,17.22693825,16.63325119,17.09197235,17.81871986,16.8625412,18.27721405,15.44203663,16.88237953,18.04606819,16.78379059,15.79146862
Gsr,15.72003078,15.95866585,17.58541679,18.75844383,15.95253658,17.17650414,16.18119049,19.19472313,16.69723892,16.83343315,15.93849945,18.40934944,17.19161797,13.16946125,15.89609623,18.72903061
Syk,15.57964039,17.027668,17.21162224,18.76781654,15.46754169,16.52417374,14.9724865,19.04692078,15.81282902,15.57474136,17.68722534,16.71679306,16.59153748,16.32377625,16.2133503,19.10441399
Ahcy,17.50680351,16.73251152,17.44013977,16.38491821,17.55172348,16.40620422,17.46371651,17.01748276,17.07702446,16.17199707,17.72380829,15.73761749,16.36168671,16.91765213,17.10502815,16.05875206
Atp6v1a,20.61629677,20.49619102,21.03744698,20.94442368,20.58655357,20.7833271,20.96684074,20.72633743,20.70210075,20.60792542,21.70484734,20.65569496,20.66942787,20.75082779,20.9717598,20.81940651
Pa2g4,20.18785477,19.00519753,19.54877281,19.20445251,20.43308449,19.02480507,19.46736336,19.4367485,19.73333931,18.98061371,20.13307762,19.07177162,19.46391487,18.91380119,19.17194366,19.38582802
Hdgf,20.36879539,20.38131523,19.93107796,19.63583946,20.70682907,19.76469421,19.67479897,19.73976326,20.22293663,19.93560219,19.3736248,19.76062202,20.24411774,20.07287025,19.89179802,19.91277885
Rab2a,16.67300606,16.48461914,17.11288834,16.44976044,16.61984825,16.78225517,17.05896378,17.1683979,16.60335159,16.73529243,18.59892464,16.07219505,16.19976807,16.69791794,17.24079132,16.51127434
Stom,15.85683918,16.00371552,16.95299149,15.72855854,16.01754761,15.21112823,17.59747124,17.45386505,17.02225876,15.75527859,18.38540649,15.87967873,15.5562067,15.78560543,17.27275658,16.07282257
Erp29,18.32250023,19.30694771,19.17167473,18.65302086,18.70018959,19.4113369,18.9851532,18.16834831,18.98773575,19.24051094,19.64368057,17.55074692,18.24595261,19.417696,19.23182106,17.67528152
Snrpa1,16.37490273,15.83533478,16.25349617,15.69541836,16.68044281,15.67727947,16.55554771,15.58323002,16.63551903,15.93177605,16.1953907,15.96065807,15.83259296,15.82706928,16.2194519,14.9724865
Ppp2r4,16.98125458,18.12807465,17.27830505,17.27330399,17.58556366,17.86719513,17.15333366,17.23322678,17.30242538,17.45859909,17.90206909,16.12634087,17.11319351,18.28174973,17.69703484,16.41103172
Actr2,17.93243408,18.76997948,19.08127022,18.29463959,18.47698402,18.23374176,20.08043671,18.82419968,18.63736153,18.0356369,19.63092422,17.82021713,17.8470211,18.9426918,19.06368446,18.6090641
Ap1s1,16.13550949,15.9257164,15.21203995,16.16148567,14.11396313,15.67681122,14.5460453,18.15001488,13.79567051,15.77334499,14.09926605,15.58164215,15.86742401,16.51683807,15.00698376,16.08258629
Rps8,20.18374252,20.09158516,19.76627922,20.06486893,19.94177628,20.05218506,20.20776749,20.85733986,19.5235157,20.19532394,19.57379913,20.99334526,20.3999958,19.41365242,19.83599472,21.25222588
Ywhae,21.60747528,21.39681244,21.15856934,21.1157856,21.64574814,21.38763809,21.90683174,21.17736816,21.45432663,22.08362198,21.70531082,21.17852402,21.3808918,22.01916695,21.89977074,21.14083481
Rps18;Gm10260,20.55609131,20.04219818,20.17682076,19.64521217,20.48532295,20.57468605,19.65600967,19.03526115,20.10341644,20.06104851,19.77198029,19.62101173,20.02323532,20.25361252,20.13633537,19.96691132
Snrpf,17.47943306,17.16643715,15.97897816,16.09275627,16.98237038,16.81653404,14.81017208,15.98977184,16.56336021,15.94943905,14.23766804,16.551754,17.16996384,16.50059319,16.38264084,16.66719437
Arf6,16.40012932,17.11948776,17.48510551,16.98392868,16.58247948,17.22213364,16.65214539,16.66233444,16.64610863,17.84297562,18.30781364,17.38591385,16.7123661,17.6316185,17.4765873,17.32122421
Rps4x;Rps4l,19.94320679,19.76901054,19.55463028,20.37358284,19.89646339,19.99934578,20.06184006,20.41503525,19.59446716,20.27900696,20.1022625,20.38237,19.7665863,19.62998199,19.68030548,21.20967293
Cycs,19.73287582,19.38289833,20.3231163,20.70244026,19.63732529,20.03617287,20.20275497,20.59003067,19.42154312,19.62934303,20.65219688,20.08770561,20.15338326,19.50781059,20.395504,20.79384232
Gnas,16.12692642,18.16093445,17.04345512,17.97952652,16.44253922,18.33516312,16.75850868,17.20838737,17.41113091,18.30251312,18.01247215,16.98937225,17.05864716,17.36888123,16.97578049,16.77840996
Slc9a3r1,16.95435524,16.80044556,17.71169472,15.74507046,16.71772957,15.88419437,17.34732819,17.46976852,17.61288261,15.27819538,17.92009735,16.22955132,15.85289478,15.48793411,17.29392052,15.71928215
Ctps1,15.81703377,15.93523407,15.16274548,16.53343582,15.92284012,15.86176586,15.0743103,15.6435461,16.05706024,15.42282009,15.08663368,16.42155457,16.36857414,15.23758602,14.35834312,16.33587837
Cct6a,19.64832306,19.19815636,18.96143913,19.02580452,19.93574715,18.93973923,19.30041504,19.51879883,19.6720047,19.04273415,19.21159935,19.25587273,19.45913887,19.32625771,19.54545784,18.99443626
Nucb2,15.23365688,13.38994503,15.36163521,16.46510315,16.33289337,15.52003574,15.62713528,17.21759796,15.58763123,16.26764679,15.80571842,16.07687759,15.72996616,15.30983162,15.70773697,17.24970627
Arf5;Arf4,17.21361732,14.7516489,17.54630661,14.42835999,17.10031319,14.40173054,17.40266228,15.12494659,17.76545525,15.74441338,18.86933517,14.60952473,13.8237114,17.50564194,17.04878426,14.61958981
Ap2m1,16.0301075,16.21905518,18.2544651,16.52435875,15.85491753,16.12430382,17.60610199,16.46507263,16.49147797,16.52999496,18.44293594,16.41579056,16.4139576,17.35707092,17.97824097,16.18468094
Anxa4,20.58554649,19.46195984,20.62818527,19.99796867,20.39403915,19.9192524,21.32388687,20.01984596,20.82811165,20.10239029,20.69879913,19.61556053,20.59085464,20.34992027,20.94742203,20.34656906
Gclc,15.34353256,16.56560707,15.59554863,16.28357697,15.26091957,16.03731155,15.62847424,15.45831013,15.92049217,16.11697388,13.95734215,16.36266327,15.86947346,15.97748089,15.1609745,16.43136787
Fh,19.34799767,19.22545624,19.27275658,18.77223778,19.18521881,18.74966621,19.99672699,19.13776207,19.56134033,18.97132492,20.17316437,18.73545647,19.13154602,19.43324661,19.25326538,18.60595703
Tubb5,21.89988136,21.58724022,21.84322166,21.22205162,22.06240082,21.00353622,21.95166206,21.54886627,21.66496658,21.53340721,22.45116043,21.19376183,21.07763672,21.83749771,21.76003838,21.08401108
Prdx5,17.87008858,19.09931183,19.65163612,20.45944023,18.15659714,18.61331558,19.70440102,20.89644814,19.31588364,19.5140667,19.56089211,21.46358681,18.55550957,18.79946518,18.75688171,20.95034599
G6pdx,19.01935768,18.77934074,19.62651062,20.44748306,19.27673721,19.32018852,19.62950325,19.99479485,19.45697594,19.27975655,19.94563866,19.88573456,18.73466301,19.13966179,19.4884243,20.17279816
Eif2ak2,14.49729061,15.25377369,16.80989456,16.24350929,15.02993393,15.3690176,17.5139904,17.174263,15.04435158,15.62867355,17.12555504,16.08187866,15.09498501,15.12315178,16.05473137,16.24308014
Ckb,17.79721832,18.19436264,19.5260601,18.17621231,17.79392052,17.66546059,19.24787712,18.8262825,19.00308418,17.56502724,19.71291924,17.67424774,18.01557922,17.5695591,19.32976532,17.32632446
Fabp5,21.26950836,21.78831482,22.46141434,20.9207077,21.1437645,20.96508026,23.20681381,21.2418499,21.92571449,20.85201454,21.78520584,20.11629295,21.77124596,21.4895916,22.42090607,21.34959602
Ehd4,17.42193413,17.13450623,17.83355713,16.74635696,17.12857819,16.65438461,17.71169472,17.18427467,17.46395493,17.45851898,18.44499779,16.72454071,16.94535255,17.21769333,17.81515884,15.4724369
Npm3,17.92752266,15.34245682,16.50126266,15.09613895,17.60617447,14.91200066,14.06617546,15.45153332,16.65200424,15.39683914,15.47291279,15.59691811,15.89254284,15.29426193,15.33772659,13.97803974
Cyba,16.47861099,18.67583275,17.22740936,18.72170639,16.83553314,17.99992371,16.82413864,17.84781647,17.19662094,18.67048264,18.95693779,19.11657333,17.53814316,17.07085419,16.47289658,18.8553791
Hk3,19.23584557,17.7621479,20.30284882,19.67086411,19.53672218,18.61862946,20.14170837,19.2250576,19.65426254,18.55678368,20.29154015,18.8548317,18.70627403,18.57655144,19.78433418,19.34592056
Acly,18.30278206,17.81934357,18.52573395,18.62346077,18.27998161,17.3289547,17.82152557,18.37186241,18.51040077,17.93306732,19.53624725,17.98781967,17.84824371,17.3778038,18.50249863,18.13575935
Parp1,17.79892731,16.75355721,17.33821487,17.01585007,17.94128799,17.19700623,17.13651085,16.91613579,18.02209663,17.50672531,19.0263176,17.00831985,18.12252426,17.84958839,17.66233444,16.64004707
Marco,12.09869003,13.00575066,13.35905552,16.08737946,13.67421913,14.28504086,13.14639378,19.14698601,13.43084431,14.18168545,14.88541889,15.36932468,14.29440498,13.44957638,14.32369328,15.90206909
Farsb,18.76519585,18.21404457,19.11008644,18.15704155,19.44186211,17.92625046,20.21014786,18.52033424,18.99650574,17.81033325,19.84816742,17.65102386,18.16604614,18.57640266,18.87600708,16.02464104
Cyb5b,15.29527473,15.20609856,16.19236946,16.26414871,15.7123661,15.02145672,15.50438499,19.3213768,15.78769875,13.38353157,15.95187664,16.28160477,15.85013771,15.68480301,15.83355713,16.38264084
Ndufs1,17.7730751,17.72294044,17.76467705,16.93375969,17.89728928,17.37882042,17.08514023,16.74950218,17.92271233,18.27184677,18.34784698,17.08139992,17.63912964,17.82668495,17.65822601,16.71411133
Pdia6,19.86880684,20.76093102,20.65368462,20.31804848,20.01372528,20.72425652,20.93696785,20.66240501,20.36388588,20.95560455,21.2623558,20.72833252,20.3020668,20.79907036,20.66092491,20.33254433
Snx5,17.97807312,17.32421494,18.89397621,16.60544968,18.73575401,17.34897041,18.80297089,17.07232094,18.31269646,17.57511139,19.71483231,16.20670891,17.36905289,18.1375618,18.41909599,16.60049438
Fam98a,17.06075859,18.19368935,16.19444847,17.70596886,17.45483017,17.73065567,17.03531456,16.96081734,17.71639061,17.50463295,14.95936775,18.11781502,18.27248383,15.22262478,14.23971176,18.11588669
Nampt,19.21204948,20.42644501,20.12968636,19.98704147,19.45235825,19.96098518,19.84369659,19.99534798,19.83174896,19.74389458,20.80837059,19.29122543,18.65249443,20.19748497,20.05218506,20.17316437
Impa1,15.50869274,15.16561317,16.27846718,15.29677296,15.26297569,15.8927803,16.15770149,15.92232895,15.21977329,15.75626945,16.50959015,14.89804363,15.82366562,15.69215202,15.93015957,15.46887875
Maoa,17.06212997,16.37456322,17.15412521,18.23640633,17.16280365,15.94864082,17.82183647,19.20993423,16.40252876,15.19448757,17.65941048,17.00481224,16.44229507,15.85435677,17.28247261,17.8895874
Ap3b1,15.93071461,17.73456383,16.40696907,17.35112953,16.38709259,17.48502731,16.48086929,16.99269485,16.79017067,17.9366951,17.28120613,17.92178345,17.21702957,16.91590309,16.54793358,17.48187828
Ssr1,17.93473816,18.29486275,18.3963623,18.64487648,18.13385391,18.56018448,18.68801117,19.5092411,18.18408203,18.67686653,18.8483963,18.05996704,17.5109024,18.72736931,18.21788216,18.96527672
Dnpep,16.37019348,16.34779358,17.54366684,16.68359756,17.02637291,16.62299538,17.23696709,17.07148361,17.25284958,16.60072517,18.50792694,16.59626198,16.29920769,17.02907181,17.59039688,16.62699318
Cybb,15.66130447,13.96259689,17.1520462,18.38380623,16.16160393,14.79012012,16.1592598,18.82021713,16.25792122,15.27128029,17.69554138,17.10676765,15.73587322,15.21674633,15.83486557,17.95270729
Gga2,14.68123817,15.87469292,15.27783203,17.16044235,15.30067444,16.81127357,15.38059616,15.98071957,16.04014015,17.32913017,13.87831116,16.67645264,16.45286942,16.04403114,15.58072948,16.71826553
Uap1l1,19.41470528,19.18311119,19.78327942,18.66330719,19.33651543,19.4670639,19.99147797,19.12729454,19.64015388,19.24088478,20.05205345,18.7713356,18.68520737,19.70689774,19.63684845,18.9512558
Prkar1a,17.13570976,17.74786568,16.88273811,17.0514431,17.15709114,17.60458183,16.41473389,13.3731575,16.91741943,17.70401192,18.31212044,14.36466122,17.07399559,17.30010223,16.70401192,13.53711987
Snx2,18.23060226,18.26956558,18.97081947,17.66989517,18.36247444,18.65592194,19.89098358,18.38106155,19.12734413,19.00193024,20.23701477,17.72367477,19.18942451,18.33738708,19.30592346,17.4847126
Surf4,14.87156868,15.4081974,17.39112663,19.21121788,16.27667046,18.66278648,17.76039505,17.70765495,15.7923069,16.37948036,17.22213364,17.01323509,16.28419113,15.62319565,16.95390129,17.94283485
Esyt1,17.15373039,16.62656403,18.48061752,18.0564785,17.08679962,17.79537964,18.2280674,18.98312187,17.15353203,17.33821487,18.13229942,17.24032593,16.71612358,17.48620605,17.62106514,17.81089783
Dazap1,17.59645271,16.46104813,15.78391933,15.65007019,17.34004211,15.84541607,16.7600708,16.02195549,16.33917236,15.01419449,17.01519775,16.31960106,16.21118546,14.59070396,17.17786789,16.11418915
Eif3f,17.19758224,15.86870193,17.3014431,16.67424774,18.22321892,13.7310009,17.91631126,17.96899223,17.59827042,15.56534004,18.47151566,16.36770439,15.9285183,16.91309929,17.18301582,16.97253036
Lman1,16.29445839,16.97589302,16.2879467,18.53723335,16.1484375,16.94272041,16.7853241,18.15709114,16.20941544,17.04163742,15.15469933,16.94820786,15.69821644,17.86229897,14.08991528,16.71518517
Pgd,20.86559486,21.44884491,21.55931473,22.44733238,20.6548214,21.70087433,21.9913044,22.32369423,21.96179962,21.80927277,21.96017265,22.45888901,21.75242233,21.58338928,21.5655117,22.19002724
Gdi2,20.88129044,20.67917061,21.1985054,20.70438385,21.17047691,21.38837433,21.53283691,20.64438438,20.79717064,21.09029388,21.63794518,20.09326363,20.95183945,20.96775627,21.02965164,20.58508682
Mcm7,16.33434296,15.12795448,16.70644188,16.29066658,16.93064499,16.2694912,16.72493935,17.28428268,17.01006889,16.27982903,17.72427368,16.40824699,16.4222126,16.03610992,17.03359413,16.51079559
Clint1,17.28165817,16.34972954,16.50049973,16.32240295,17.04430962,16.02464104,14.33294582,16.73793411,16.71906853,17.4137764,14.49064732,16.5805378,16.23225212,16.7643528,16.14923096,16.20258331
Ewsr1,16.41466904,17.54728699,15.82992077,17.05907059,16.00976372,17.22109604,15.22128487,15.68024921,16.15734673,17.40266228,14.15133476,17.35233688,17.99860191,16.71209717,16.57299614,17.05165482
Ddx21,17.68394089,15.86377525,16.30331612,17.55547333,17.80511475,16.23849869,16.91263199,17.99551392,16.95355988,16.40917587,17.84254646,17.29293251,16.8294754,16.04202271,16.27717781,17.82090187
Rnh1,21.14774323,21.2014389,21.79997826,20.86521721,21.06677437,21.25620651,21.67766571,21.17694283,21.47916603,21.18580055,22.58453751,21.41534615,21.88769913,21.3480835,22.03503227,21.16472054
Dr1,16.39879417,15.88123322,15.76014805,15.86052895,16.94569588,16.08653069,17.30010223,16.61898804,16.95934486,15.15748882,17.83565521,15.15845203,16.14090919,15.71486282,16.92242241,15.21837425
Skap2,14.08316517,16.36562157,15.75876999,17.53768921,14.12755585,15.8194561,15.39413452,17.67017174,16.04065323,14.26339912,14.46420383,17.02842331,14.51899624,13.43566704,16.05572701,17.77449036
Scamp3;Tu52,18.49755478,18.4876194,18.07811928,19.56669998,18.65574646,19.17243195,18.26228714,18.72247314,18.39736557,18.82826614,18.56677437,19.12731934,18.85312653,18.55142212,18.57972145,18.83303261
Ndufs8,16.31682968,15.80319786,15.9056921,15.48041153,16.72640419,15.37000656,14.32920647,14.71779919,16.74254608,16.04125214,15.18568802,14.36322594,15.66458607,16.22192764,15.86713409,15.52454185
F13a1,17.04793358,15.65295696,20.39738655,13.66850567,16.70049477,15.63006783,19.21681595,12.38901329,19.22171021,17.30349541,20.92027092,13.72184658,18.79899025,15.5906744,20.02404594,14.74703884
Picalm,17.09238625,16.7969017,17.49973679,16.16896629,17.097332,17.52519989,17.24701881,16.15922165,17.61201859,17.61000061,17.90301132,16.50427628,16.94375038,17.42857361,17.2515564,15.97003841
Prrc2a,15.17000294,15.27284813,13.97265434,15.05375576,15.63557625,15.04046059,13.63837814,14.27370739,15.22294617,15.28008175,14.86619473,15.41342926,15.09482002,15.2553606,14.32901478,14.9538784
Fam20c,13.57479382,12.96771049,14.10048294,16.34275246,13.45354748,16.12434387,13.73194981,17.02149963,14.38923645,16.02686882,14.47531414,16.44882584,14.88412285,15.66996479,13.86608982,16.30047798
Igf2bp2,15.60023212,15.02889919,16.65829468,15.61485386,15.6909256,15.41982841,16.73766899,15.78701019,16.14581299,16.21619606,17.78104019,16.54130936,16.36903572,15.05824566,16.47351456,15.27230167
Mprip,16.11819077,13.49503708,16.67782974,15.24086571,16.40191269,13.98974133,16.13093185,16.13723183,17.7897892,13.42988777,16.81014442,14.59097576,15.44336414,16.19373703,16.53689957,15.65594959
Arcn1,17.47595596,16.59760094,17.20514488,16.26925468,17.41534615,16.77943802,17.19046211,17.11827278,17.20781517,16.20430374,18.05478477,16.85756874,16.45333481,16.55895805,17.16751671,16.02941704
Ogdh,17.78921509,17.14887428,18.19412231,18.00442886,18.30367279,17.37381744,18.23261833,18.39066505,17.74766922,17.43379784,18.7292614,17.55734444,16.94923401,16.44370461,17.67224503,17.7429409
Myl6,19.12449455,19.80226135,19.29701424,19.86084366,19.49101067,19.62919998,18.42824554,19.42199516,19.55140495,19.88583946,19.52596474,18.93517113,19.05149651,19.94163132,18.91108131,19.38761711
Samhd1,17.14051056,16.23429298,18.27025032,17.03746033,17.40166283,15.49313641,18.27211952,18.08446503,17.60812569,15.81643391,18.61593819,16.60712814,16.91846657,16.56948471,17.83947372,16.52790451
Nfkbib,16.42068481,18.44017982,16.08318901,16.81703377,16.52386856,17.99197578,14.30944538,14.70876312,17.34090996,18.54532623,17.05632019,13.70205688,17.98743057,16.49150848,15.92935085,16.56819344
Abcb7,14.5405302,16.99689293,16.79525375,16.68592644,14.30196857,16.73687744,14.94237709,16.71478271,16.53399849,17.04910469,14.12682915,17.15293884,13.6365118,16.08642578,14.07382107,17.03025818
Arg1,22.67656898,19.47899818,20.50997543,18.79731369,22.52422905,20.40405655,21.6671772,18.80671883,21.26499176,21.79197502,22.40665436,19.19618988,20.87552834,21.36959457,21.97473717,19.17421341
Mrps31,13.93873501,15.75248528,16.09180641,14.94945335,12.90326309,16.65074348,15.93414307,15.47610188,16.37605667,16.96747398,17.5112896,14.32211018,13.63637161,16.19600677,16.48568726,15.84416676
Kif5b,16.09164238,15.57542133,16.54159546,15.79730701,15.87478924,16.155056,17.02149963,16.75433922,15.47810555,15.77632999,17.39322281,15.92645836,15.28814507,15.34467697,16.08358383,15.73116016
Mrc1,20.93250656,18.85461807,20.58865929,18.17660141,20.86665154,18.84518433,20.20371056,18.21958542,19.6121273,19.39389229,21.2628727,16.66885757,18.78577232,19.24541855,20.4793148,17.2280674
Ppp1r14b,17.60327911,17.10390282,17.41460228,15.50410557,17.70252419,16.82115173,18.55659676,17.31557465,17.16250992,16.6660862,18.38570213,16.04689026,16.47184944,17.10543823,17.26049614,16.95866585
Trim28,19.8342514,20.38816452,18.63502312,19.1292572,19.51408577,19.98078156,19.49204826,18.9468956,19.6125412,19.68119812,18.0711174,18.34451294,19.70303154,19.92898369,18.97608948,19.03708649
Tfrc,19.89514542,17.27939224,16.22573471,18.75035286,19.81701851,18.16427803,13.34900475,18.97723579,17.60501671,19.0311203,14.855793,17.75401306,16.62841797,17.56301689,14.75546169,18.90530396
Dbnl,17.93035698,17.0745182,18.73297501,17.57990456,17.94340706,18.22896004,17.58541679,17.57444572,18.07801437,18.05122948,18.71310425,17.36213303,17.30848122,17.51198387,18.52753067,17.088974
Sqstm1,18.75922585,16.73078918,17.40066338,19.88741684,18.85850906,18.2639389,17.21901703,19.63974762,18.16108322,17.98481941,19.04505539,20.89984322,18.41604614,17.61690712,17.0481472,20.32707024
Hist2h2aa1;Hist2h2ac,23.25004387,23.71973228,24.042099,23.45349884,23.81685066,24.41776848,25.25645065,23.79916763,24.50802994,24.21793175,25.09768105,23.76222992,24.16675949,24.66622353,24.62544632,23.81743622
Galk2,18.25377274,19.14395142,18.65655136,17.83337212,17.8634491,19.49445343,18.34498978,17.75198936,18.5556221,18.86553383,19.95390129,18.05642509,18.81750298,18.57573891,18.22397423,18.00052834
Nop58,17.98731995,17.78372765,16.81528282,17.06402779,17.86084366,18.13881111,16.938591,17.06455421,17.27275658,17.80731773,17.79753494,17.59251595,17.688797,17.35440445,16.77918053,17.238554
Sri,13.79151917,17.02842331,14.18922138,17.29920769,14.61111832,17.49903679,14.93237972,15.20331573,13.83583164,17.85221291,14.15311432,17.9435215,17.80044556,15.98337173,16.23264503,18.54589272
Fhod1,15.27022266,17.42865372,16.9626255,15.72382069,16.19281387,18.52542877,15.56742096,15.96443081,17.35827255,18.07320976,17.73184967,16.50923347,16.98682022,18.22693825,17.1091156,15.52827072
Oxsr1;mKIAA1101,15.24915028,14.2596693,15.68466663,14.26319599,15.82922745,14.02210808,16.82388878,14.98535252,14.78882027,12.82437992,17.20007515,13.096591,14.606637,14.81758308,14.24332237,14.35300922
Cand1,16.21185112,16.41026878,16.60127831,16.11883926,16.91169548,15.70919132,17.56554794,16.82699585,17.20514488,15.62582302,17.69771385,16.23433113,15.93389797,16.57782745,16.96431923,16.27623367
Ugt1a7c,17.95979881,17.70171165,19.35782242,19.15760803,17.68777275,17.91566849,18.56996727,19.3626461,18.07686806,19.10727882,19.68417931,18.72517395,17.54502487,17.73443222,18.31371498,18.42271423
Myl12a,17.52542877,17.98953819,17.98587608,18.06707764,17.1657505,18.38747025,18.13184738,18.51132774,17.51952934,18.2498455,18.73832893,17.66101265,17.38532257,18.39911842,17.33716965,17.99777412
Fam63a,18.70505905,16.61396217,17.43208504,17.10092926,18.25815201,13.37795925,15.46773243,16.88762474,17.07053947,13.45026016,15.44378948,17.57540703,17.12716866,16.37832832,16.71585464,17.38203239
Ostc,13.47254181,17.66511345,17.87723541,17.74622536,14.63640118,16.85416222,17.79728127,19.45645523,17.49067879,17.2789402,18.38030052,17.56644058,16.4004631,17.53381729,17.47714233,17.86767769
Tubb2a,18.16246033,15.95151234,19.73613358,19.11700439,18.45410728,19.21133614,19.33116531,19.43489647,19.2787571,15.34002399,19.29353905,19.55307388,18.69176483,17.78851509,18.5602951,18.52519989
Smap2,15.95671654,15.12787342,15.73568821,13.59706211,16.14314461,13.31549263,14.08299255,14.46045494,15.88762569,15.51378918,15.89751434,14.25292969,16.02943802,15.75939369,16.21757889,14.55682945
Trim23,15.14879417,16.07552147,15.66161156,15.14078999,16.00650215,16.25624466,16.71263504,15.5899725,16.05555725,15.55281925,17.68305016,15.54269981,15.10357475,16.77840996,16.42007446,14.92035294
Fam49a,17.69703484,16.70563316,18.12075424,19.35453415,17.8688221,16.74924088,16.01933098,18.61108208,17.52167702,16.69207001,18.94991875,17.53062057,17.00041771,15.65586567,17.73377037,18.62528038
Hadha,18.95662498,18.59174919,18.64082336,18.21575165,18.61741066,19.1201725,18.26228714,17.94059944,18.74537277,19.03198051,19.22599792,18.05669022,18.66083908,18.85790253,18.3827076,17.6103611
B130006D01Rik,14.74072933,14.95041943,13.82396412,14.97862148,14.97951412,14.71451378,13.11111069,14.50053024,14.75295544,14.04073238,14.18386841,14.93142986,14.62793255,14.34318542,14.53740025,15.17566681
Skiv2l2;mKIAA0052,17.36487007,16.32104683,15.77174759,18.84438705,16.99777412,16.12224197,17.57688332,19.76589203,16.95287704,15.61672115,14.9637537,18.73449707,16.34922981,14.97149849,16.67714119,18.71809769
Tardbp,18.45723724,18.81937408,18.37928581,18.69706917,18.57148552,18.88199234,18.76629639,17.65130424,18.20485687,18.84340668,18.88825035,17.35543633,18.18393517,18.56588364,18.48439789,18.31809235
Efhd2,17.6575985,18.25939369,18.67700386,18.45245934,17.14648819,18.72790146,18.27644157,17.75935555,17.93491173,18.51240921,18.13831139,17.76013565,17.45322227,18.54611778,18.44511986,17.76888275
Trmt6,18.2778511,17.43786621,17.18824196,17.11390495,19.11677551,17.96369743,16.60936546,17.91986465,18.37318039,18.12807465,17.18243408,17.24646187,18.20871925,19.42375946,16.94042778,16.46919632
Sf3b5,16.07817078,14.33084679,14.25554466,13.88826752,16.04435158,13.21207809,14.23174286,14.00105667,13.99850273,13.4287529,14.10489178,13.08529472,14.66277981,14.22278118,14.095397,14.13843155
Slc38a2,17.31212044,18.47353935,16.37068748,18.18761253,17.7635746,17.52321053,16.29176521,16.69615173,17.57983208,18.05165482,16.88357353,18.03198051,18.01148987,16.98013878,14.87537384,17.94752312
Pdxk,16.14581299,16.45162964,17.44685745,16.86495972,15.91967773,16.4936676,18.03617287,16.5561161,17.48085403,16.68811417,18.51167488,16.78825951,17.24479103,16.26519394,17.25700188,16.69397736
Ephx1,17.63976479,17.69125366,19.45012474,17.85805321,18.90832901,18.04521561,19.02917862,18.89885521,18.80473518,17.87765503,19.3035183,17.75218391,17.77674103,18.10707474,18.60649872,17.27394104
Gpt,17.20332909,16.15570831,17.08482933,17.11359978,17.35569572,16.58748436,17.30723572,17.93341446,17.21797752,16.46248627,17.83775139,17.30518913,16.94145966,17.25146484,17.44637299,17.95520782
Lpxn,17.50276947,16.53894615,16.94145966,15.96420574,17.5290184,16.63920021,16.96634865,16.88417053,17.08285522,16.11821175,18.10139084,15.81139946,16.64315224,17.08876801,16.88285828,16.22360611
Apobr,13.80980587,16.54543304,16.44934273,18.66149902,16.97421265,16.44903564,16.81365585,18.58049393,14.16087532,17.39230156,16.69452095,18.60295296,16.86761665,16.28355789,16.91741943,16.82488441
Clptm1,15.66786003,16.67934227,14.71375179,17.17630959,15.64416599,17.51560783,13.70648003,17.18087959,16.01922226,17.69200325,16.85001564,17.04195786,16.22885704,16.52720261,16.14583206,16.95412827
Myh9,19.42663002,19.8522892,19.72876358,20.08264732,19.46857643,19.91048241,19.88905144,20.53715706,19.77661324,20.30941391,20.63458061,20.26281548,19.22262955,20.6130619,19.80035019,19.96268082
Mical1,14.51714134,15.96246719,14.74892616,14.73946381,13.49943447,15.35789585,14.96330261,14.22166252,14.11353397,15.45175838,14.53048515,14.94311047,14.79781342,15.12254524,14.90848637,13.91586208
Pla2g15,14.84200668,15.47411823,17.00952339,13.70585155,15.27365017,16.17815971,15.07760811,14.80357647,15.21572304,16.27641487,16.09236526,13.86199474,13.95528126,15.63052273,15.50074863,14.49848175
Flnc,18.51960564,18.28400993,19.04302788,18.5396595,18.83759689,18.42456055,18.62117195,18.77828217,18.90609741,18.18679047,19.71253395,18.22703362,18.32737732,18.32781601,18.77629089,18.36127472
Oas3,15.56979656,16.1060524,18.12560463,17.6473732,14.87699604,15.34654808,18.09501648,17.78411102,16.62742043,14.59502411,17.75889969,16.88488579,15.49416828,13.97908974,16.63835144,16.65214539
Oasl1,15.02820778,14.4353447,16.95775986,18.22712708,13.76829624,14.88316822,15.83903122,19.06310463,14.19706345,14.3694067,16.12333298,17.70056152,13.41016197,12.7150116,14.61062622,17.83922768
Nifk,16.15928078,16.27242851,15.06056881,15.27768707,15.88779163,16.19771576,15.24963188,15.82843399,15.73373032,15.53770351,14.82122612,16.13615036,16.6827755,15.37507343,14.85160255,14.62536621
Tcirg1,18.82015419,18.87717628,19.20824432,19.79107666,19.2017498,18.55025864,19.2810688,20.01181602,19.03276062,18.94403648,20.02688599,19.26586151,18.26035881,19.13355446,18.91762352,19.76731491
Ptgr1,16.95787239,18.38839531,17.95838356,20.52276993,16.27755928,17.91473579,16.89711189,20.14855194,18.20757675,17.10850334,18.63863373,19.97784996,17.50804138,17.20438004,17.72906303,20.72800064
Acaa1a;Acaa1b,17.19517899,17.78385544,18.86190414,18.46562958,17.23827362,17.93945313,18.70954132,18.33206367,18.25566483,17.57975769,19.0663414,18.59017754,18.23734093,17.66795731,18.06202507,18.19911575
Far1,14.01131439,14.4195652,16.23009491,14.48230362,14.40475559,14.21750355,16.42045403,16.99335861,14.47084904,13.87987041,17.30153275,14.430583,14.32706165,14.81925583,14.81287956,14.03454113
Blvrb,16.26512146,16.18845367,18.66306496,18.86873245,17.06160355,17.19229317,19.15881729,18.99487877,17.67272949,15.82741737,19.41139984,17.30224609,16.46170235,17.31176567,18.44742203,19.04497528
Sec14l2,14.99845791,15.14214706,16.18460464,13.68060112,14.81232738,17.4636364,16.27164459,13.61746788,16.46325302,18.35865974,14.39692783,13.54998684,14.97598267,17.34672165,16.06430054,13.8812952
Mvd,15.69100761,16.66038513,16.79956055,16.28317833,15.65600586,15.8833828,16.88417053,16.82550621,16.54058266,16.533041,17.39372635,16.95492363,16.25190735,16.45975113,16.53846169,16.58635521
Adi1,15.7844305,15.82662296,15.29178238,15.66636276,15.08169174,15.71995068,15.63908672,15.45053482,15.93532658,16.18285942,14.05782223,15.9540596,15.35362911,15.6337328,14.46407127,15.75125599
Hadhb,17.14210701,16.91520309,17.40174675,16.51622391,17.36281776,16.79842186,17.42603493,16.89971161,17.24803925,17.15699196,18.07571983,16.37776947,17.24924278,17.31265259,17.05483818,15.98158932
Vwa5a,18.91724396,17.20628929,18.80555534,17.64329338,18.13991165,17.49106979,18.45499039,18.07634544,18.17845154,18.19882774,19.07182312,17.21086121,17.49529266,17.9688797,18.3869648,17.99827003
Hibadh,16.23513603,16.33254433,17.14120865,16.65354538,16.18791199,16.77198029,17.36632156,16.35827255,16.65130424,15.04899788,17.2758522,15.92717648,15.92074871,16.49377823,16.73951721,16.19325638
Igf2bp3,17.0941391,16.53179359,17.05038071,16.03325081,17.25007629,15.90124416,17.19710159,16.10242653,17.16986656,15.43097496,17.26114082,16.58065605,16.35159492,15.80476093,17.11675072,16.77545547
Glo1,16.04499245,16.47081757,16.64920044,15.7957859,16.23591995,15.92796326,16.32535744,15.65821171,16.62685013,16.01384544,17.09825897,16.25090981,15.89595413,16.39541626,16.3003521,15.47794819
Cotl1,20.61378288,22.3925724,21.23940468,21.74451828,20.81636238,23.14883041,21.58989525,20.90013885,21.48089218,22.73902702,20.98210526,21.43257523,21.29468346,22.24350739,21.30657959,21.22535133
Mri1,18.40934944,18.10390282,17.57621765,16.69927406,18.61973953,17.87669754,18.19887733,17.1059494,18.53753662,17.7393856,18.82077789,16.86193466,18.15916252,18.74376297,18.03553009,17.03939056
Txndc12,15.354249,18.102314,17.21428108,16.30240631,16.08083916,18.40856171,17.94403648,16.81778336,16.63126183,16.96555901,18.3413887,16.09314919,16.06739235,16.09298325,17.22590446,15.39104176
Ykt6,14.99055004,16.8750782,15.15754414,15.63976479,14.93833923,16.00079155,14.96587467,15.88199806,15.87524509,15.85766506,15.32182217,16.47858047,15.43179131,15.93670654,15.05123615,16.24868774
Hsbp1,17.74149323,13.80813694,14.48594189,17.46483231,17.35173225,12.92996597,16.2787571,16.53328323,16.02119637,16.6706562,17.09393311,17.14897346,17.18862724,16.06244659,16.15287971,17.16673279
Slc25a11,14.91419697,16.38355255,17.24924278,18.04297447,15.46451378,18.14822769,17.2555275,17.93704033,16.52961349,15.51920605,18.02944946,15.75347805,13.98607159,15.67601204,16.6842823,17.40332794
Gdpd1,16.0520153,14.60894775,16.09251022,17.3724575,16.5907917,16.74806213,15.55791283,17.75401306,16.10868835,16.35734558,17.13811111,17.03628159,15.41253662,15.73938465,16.16835785,17.22307777
Dph5,13.74940205,13.1569519,15.24436378,14.3169508,16.60831261,14.24219227,15.38579464,15.79565907,15.83207417,13.91435432,16.63254166,15.22930717,15.40484238,14.26199055,16.11105347,13.27338028
Atp6ap2,15.32863998,14.89045429,16.41531181,16.68359756,15.40882683,16.14164734,15.34672165,16.7773838,15.60975552,16.21722031,16.48072624,16.21327591,15.3855257,15.5878067,16.1830349,16.35669327
Cs,18.58005333,18.77889252,19.8392601,20.48246956,19.19402504,20.39079094,19.67300606,20.32882309,19.13187218,19.8510685,20.71607208,19.90936852,18.28306198,19.41499519,19.47385597,20.27617073
Dynll2,16.66344643,18.29041481,15.92617989,17.92172432,16.92218971,17.61705208,13.84088993,16.50489616,16.43729782,18.14554405,14.56347084,17.97292328,16.95832634,17.2854557,15.91872311,17.59616089
Cndp2,19.68493271,19.15587997,20.44778633,19.94420815,19.22846603,19.24344444,20.34765244,19.91384506,19.63383675,19.4562149,20.89607811,19.88775826,18.8887558,19.60891914,20.29501915,19.52561951
Mlkl,14.81388092,14.30477905,15.89261436,14.97763729,15.16788864,13.93591595,15.05786514,16.83331108,15.37109566,13.89897919,14.73883152,14.8711834,13.88363075,13.45149612,14.67959023,15.34075451
Arpc5l,17.79112434,18.46407509,16.38073158,17.23790169,17.51714706,17.70069695,16.42646217,17.24933624,17.33201981,18.16270638,15.83624744,17.18301582,16.38103676,17.42168617,17.48313904,17.50183678
Bola1,16.99369049,15.3464098,15.93962479,15.55008507,16.59621811,15.76375675,16.81190109,16.26537704,16.2325325,15.75533104,17.315485,15.86911201,15.61059189,15.45085716,16.38221931,15.08194065
Tnfaip8l2,16.91601944,16.34528351,17.41038513,17.06949234,14.18701363,16.52990341,17.74057198,17.29374123,16.6497612,16.06111717,18.22307777,17.22175789,16.89876747,16.05830956,18.04035378,16.31628227
Pelp1,15.40773201,16.45064735,15.12662411,16.03045082,15.30096054,16.25410652,14.96763134,15.46935558,16.15131378,16.47224617,15.23881531,16.70549774,16.71772957,16.17119598,15.50028133,16.15161133
Cyb5r3,18.76623154,19.61266708,19.70514297,19.52420425,18.91301155,19.43928719,19.23582268,20.58453751,19.10584641,19.54447746,20.55758667,19.80440521,18.71551895,19.54296684,19.06270981,20.2609787
Mvp,17.93554497,16.96792412,18.93292427,18.80063438,18.09969711,17.11532784,18.9891777,18.77323532,18.51310349,17.41930199,19.30418587,17.89486504,17.70920563,18.06980705,18.64089394,18.05896378
Ranbp2,17.3415184,13.1776638,16.31511497,14.73638916,17.16054153,14.2103014,16.32249069,15.68269253,16.87998962,13.65602303,18.31893158,17.11827278,17.63325119,13.65391445,16.03264809,16.40440941
Dpp7,18.14095879,17.65885353,18.0231266,17.74116325,18.33411598,18.96519279,16.95877838,16.83725929,17.68572044,19.30650139,18.26741791,16.98670959,17.54343987,18.43916512,18.36033249,17.49201012
Ybx3;Igf2bp3,18.70826149,17.23696709,16.95162582,17.2964325,18.30407524,16.97387695,14.6109848,17.91508484,17.78698349,17.02658844,13.59420776,16.6068821,17.75987434,17.30483246,17.3368206,18.22778511
Txnrd1,18.13280106,16.67576408,17.34611511,18.65536308,18.07080269,17.91368484,17.72167397,18.63204384,17.11105347,17.39665413,17.70238876,17.94649506,16.79449272,16.73092079,17.02345085,18.66507912
Tex101,17.67079544,16.35576439,17.02160835,16.08349991,16.85963249,16.35655594,16.45259476,15.39653778,16.99236298,17.17523766,15.04763508,15.94246864,16.16733932,17.90065384,16.15766335,14.76756382
Psmb3,16.49410629,17.52871323,16.44737434,17.02019882,16.34903908,17.35569572,16.67658997,17.53556442,16.91181374,17.47191238,16.69111633,17.74333572,16.71826553,16.71129036,17.22637367,17.00810051
Psmb2,17.23687363,17.40216255,18.03343391,17.30135345,17.01378059,16.34432983,18.4757576,17.29750824,17.3282547,16.30737877,18.68712234,16.40234566,16.33149338,17.33507538,17.96572876,17.71960258
Ctsz,20.417099,21.12515068,20.07718086,20.45241737,20.2676239,20.56485939,19.34927177,19.75477982,19.8935318,20.65018272,18.78593063,20.06552696,20.50552559,20.17937469,19.63147545,20.65848732
Timm8a1,17.24432755,16.44887543,16.90736008,16.85708237,17.46019936,16.51862335,17.33000565,17.16172218,17.2683773,16.57089424,17.74937248,17.60255432,16.89379883,16.66483688,16.55190277,17.03316498
Tagln2,19.82489967,19.68698692,20.75515556,21.02843666,19.87264442,20.33854103,20.33057594,20.67908478,19.94349289,20.17389679,21.04693413,21.05384445,20.50784874,19.94535255,20.41946602,20.76011848