Geneid,control cells_1,control cells_2,control cells_3,LPS cells_1,LPS cells_2,LPS cells_3,IL-10 cells_1,IL-10 cells_2,IL-10 cells_3,TGFB cells_1,TGFB cells_2,TGFB cells_3
mmu-mir-6341,0,5,0,0,0,1,1,1,1,0,0,1
mmu-mir-206,0,0,0,0,0,0,0,0,0,0,0,0
mmu-mir-133b,0,0,0,0,0,0,0,0,0,0,0,0
mmu-mir-30a,226,301,208,147,105,133,223,231,270,214,236,229
mmu-mir-30c-2,71,89,57,33,33,33,49,36,86,50,54,44
mmu-mir-6342,0,0,0,0,0,0,0,0,0,0,0,0
mmu-mir-6896,0,0,0,1,0,0,0,0,0,0,1,0
mmu-mir-5103,0,0,0,0,0,0,0,0,0,0,0,0
mmu-mir-6897,0,0,0,0,0,0,0,0,0,0,0,0
mmu-mir-6898,0,0,0,0,0,2,0,0,0,0,0,0
mmu-mir-6349,0,0,0,0,0,0,0,0,0,0,0,0
mmu-mir-6350,0,0,0,0,0,0,0,0,0,0,0,0
mmu-mir-7681,0,0,0,0,0,0,0,0,0,0,0,1
mmu-mir-6899,0,0,0,0,2,0,0,0,0,0,0,0
mmu-mir-6351,0,0,0,0,0,0,0,0,0,0,0,0
mmu-mir-1928,0,0,0,0,0,0,0,0,0,0,0,0
mmu-mir-26b,56,53,38,21,20,18,38,30,48,48,62,41
mmu-mir-375,0,0,0,0,0,0,0,0,0,0,0,0
mmu-mir-6343,0,0,0,0,0,0,0,0,0,0,0,0
mmu-mir-6352,0,1,0,0,1,1,0,0,0,0,0,0
mmu-mir-6344,0,0,0,1,0,0,0,0,0,0,0,0
mmu-mir-6353,0,0,0,0,0,0,0,0,0,0,0,0
mmu-mir-5126,1271,1589,1268,638,663,625,1649,2421,1989,1325,1798,1565
mmu-mir-8096,0,0,0,0,0,0,0,0,0,0,0,0
mmu-mir-3535,10564,14184,8994,13412,11036,9836,10450,6413,8371,8758,9909,11152
mmu-mir-6900,0,0,0,0,0,0,0,1,0,3,0,1
mmu-mir-149,0,0,0,0,2,0,0,0,1,0,0,0
mmu-mir-6901,0,1,0,0,0,0,0,0,0,0,0,0
mmu-mir-6902,0,0,0,1,0,0,0,0,0,0,0,0
mmu-mir-6345,0,0,0,0,0,0,0,0,0,0,0,0
mmu-mir-3473f,0,5,4,5,6,6,3,2,2,0,1,0
mmu-mir-6346,0,0,0,0,0,0,0,0,0,0,0,0
mmu-mir-128-1,32,35,43,26,20,18,25,15,31,17,28,22
mmu-mir-135b,0,0,0,0,0,0,0,0,0,0,0,0
mmu-mir-6903,0,0,0,0,0,0,0,0,0,0,0,0
mmu-mir-1231,0,0,0,0,0,0,1,0,0,2,0,0
mmu-mir-181a-1,17,24,38,4,5,6,21,19,35,34,22,44
mmu-mir-181b-1,7,8,2,3,2,5,4,5,5,8,4,6
mmu-mir-7682,4,2,1,0,1,0,2,0,2,0,0,3
mmu-mir-8114,16,34,20,7,16,12,33,22,30,22,23,24
mmu-mir-488,0,0,0,0,0,0,0,0,0,0,0,0
mmu-mir-1843b,989,2064,898,1153,520,941,931,979,1052,1291,648,596
mmu-mir-1927,0,0,0,0,0,0,0,0,0,0,0,0
mmu-mir-199a-2,50,96,62,38,23,19,105,85,91,44,93,73
mmu-mir-214,3,1,0,0,0,0,0,0,2,2,0,1
mmu-mir-6347,0,0,0,0,0,0,0,0,0,0,0,0
mmu-mir-6348,0,0,0,0,0,0,0,0,0,0,0,0
mmu-mir-6354,0,0,0,0,0,0,0,0,0,0,0,0
mmu-mir-6546,29,35,19,34,44,26,29,24,28,6,17,18
mmu-mir-7683,0,0,0,0,0,0,0,2,0,0,0,0
mmu-mir-350,17,16,17,17,4,10,16,15,30,17,25,24
mmu-mir-6904,0,0,0,0,0,0,0,0,1,1,0,1
mmu-mir-1981,24,45,33,11,7,7,27,33,34,23,7,8
mmu-mir-664,146,252,172,163,164,182,173,151,136,134,111,146
mmu-mir-194-1,9,4,5,1,1,3,1,2,4,5,1,5
mmu-mir-215,0,0,0,0,0,0,0,0,0,0,0,0
mmu-mir-3473c,0,0,0,0,1,0,0,0,0,0,0,1
mmu-mir-205,0,0,0,0,0,0,0,0,0,0,0,0
mmu-mir-3962,1,2,2,0,1,1,2,3,0,0,2,3
mmu-mir-29b-2,49,36,60,60,68,63,58,31,53,22,35,27
mmu-mir-29c,101,92,102,91,53,91,112,100,129,104,118,89
mmu-mir-5104,0,0,0,0,0,0,0,0,0,0,0,0
mmu-mir-6413,0,0,0,0,0,0,0,0,0,0,0,0
mmu-mir-7663,0,0,0,0,0,0,0,0,0,0,0,0
mmu-mir-6905,1,0,0,0,0,0,0,0,0,0,0,0
mmu-mir-3473b,0,0,0,0,0,0,0,0,0,0,0,0
mmu-mir-1929,0,0,0,0,0,0,0,0,0,0,0,0
mmu-mir-6906,0,0,0,0,0,0,0,0,0,0,0,0
mmu-mir-6408,0,0,0,0,0,0,0,0,0,0,0,0
mmu-mir-466j,0,0,0,0,0,1,0,0,0,0,0,1
mmu-mir-5108,0,1,0,0,1,0,0,1,0,1,0,0
mmu-mir-7662,0,0,0,0,0,0,0,0,0,0,0,0
mmu-mir-7215,0,0,0,0,0,0,0,0,0,0,0,0
mmu-mir-6409,0,0,0,0,0,0,0,0,0,0,0,0
mmu-mir-678,1,6,1,5,0,7,4,1,2,0,1,5
mmu-mir-1930,0,0,0,1,0,0,0,0,0,0,1,0
mmu-mir-7659,0,0,0,0,0,0,0,0,0,0,0,0
mmu-mir-6907,0,0,0,0,0,0,1,1,0,0,0,0
mmu-mir-6410,0,0,0,0,0,0,0,0,0,0,0,0
mmu-mir-6908,0,1,0,0,0,0,0,0,0,0,0,0
mmu-mir-6909,1,0,0,0,0,0,0,0,1,0,1,0
mmu-mir-6910,0,0,0,0,1,0,0,0,0,0,0,1
mmu-mir-6911,1,2,1,0,0,0,0,0,3,0,0,0
mmu-mir-6912,2,0,2,0,1,0,0,1,0,0,0,0
mmu-mir-1982,6,23,2,7,2,7,5,6,5,5,13,11
mmu-mir-5615-1,0,0,0,0,0,0,0,0,0,0,0,0
mmu-mir-5615-2,0,0,0,0,0,0,0,0,0,0,0,0
mmu-mir-3057,10,6,11,4,0,3,13,5,3,1,6,3
mmu-mir-6913,1,0,0,0,0,0,0,0,0,0,0,1
mmu-mir-1191b,0,0,0,0,0,0,0,0,0,0,0,0
mmu-mir-135a-2,0,0,0,0,0,0,0,0,0,0,0,0
mmu-mir-1251,0,0,0,0,0,0,0,0,0,0,0,0
mmu-mir-1931,1,9,3,8,10,6,4,1,5,4,4,3
mmu-mir-7688,1,1,2,3,3,1,1,3,0,2,0,1
mmu-mir-331,284,391,310,88,91,106,199,287,363,195,236,170
mmu-mir-7211,0,0,0,0,0,0,0,0,0,0,0,0
mmu-mir-3058,1,0,0,0,0,0,0,0,0,0,0,0
mmu-mir-3966,0,0,0,0,0,0,0,0,0,0,0,0
mmu-mir-3059,0,0,0,0,0,0,0,0,0,0,0,0
mmu-mir-6411,0,0,0,0,0,0,0,0,0,0,0,0
mmu-mir-763,0,0,0,0,0,0,0,0,0,0,0,0
mmu-mir-6412,0,0,0,0,0,0,0,0,0,0,0,0
mmu-mir-8104,1,0,0,0,3,5,0,0,0,0,0,1
mmu-let-7i,654,851,618,414,328,403,879,753,777,905,1065,999
mmu-mir-378d,36,23,18,14,18,15,44,26,21,13,16,23
mmu-mir-26a-2,38,52,30,12,18,22,37,35,38,22,45,30
mmu-mir-546,0,0,0,0,0,0,0,0,0,0,0,0
mmu-mir-677,6850,10684,6702,2253,2868,3485,4764,4937,7060,4610,5163,4457
mmu-mir-6914,0,0,0,0,0,0,0,0,0,0,1,0
mmu-mir-6915,1,0,0,0,0,0,2,0,0,1,0,0
mmu-mir-8105,0,0,0,0,0,0,0,0,0,0,0,0
mmu-mir-6916,2,0,1,0,0,0,2,0,0,0,0,1
mmu-mir-6917,0,0,0,0,0,0,0,0,0,0,0,0
mmu-mir-3060,3,3,1,4,1,1,5,4,6,0,3,1
mmu-mir-6918,0,0,0,0,0,0,0,0,0,0,0,0
mmu-mir-7651,0,0,0,0,0,0,0,0,0,0,0,0
mmu-mir-1933,4,1,2,1,0,0,0,1,0,0,1,0
mmu-mir-6372,0,0,0,0,0,0,0,0,0,0,0,0
mmu-mir-216b,0,0,0,0,0,0,0,0,0,0,0,0
mmu-mir-216c,0,0,0,0,0,0,0,0,0,0,0,0
mmu-mir-216a,0,0,0,0,0,0,0,0,0,0,0,0
mmu-mir-217,0,0,0,0,0,0,0,0,0,0,0,0
mmu-mir-218-2,0,0,0,0,0,0,2,0,0,0,0,0
mmu-mir-103-1,124,122,107,51,37,29,103,77,83,58,90,87
mmu-mir-146a,315,434,346,10338,7072,8703,540,416,633,312,454,353
mmu-mir-8100,0,0,0,0,0,0,0,0,0,0,0,0
mmu-mir-7239,0,0,0,0,0,0,0,0,0,0,0,0
mmu-mir-340,86,125,76,56,36,55,101,107,113,65,67,62
mmu-mir-6919,0,2,0,0,0,0,0,0,0,0,0,0
mmu-mir-804,0,0,0,0,0,0,0,0,0,0,0,0
mmu-mir-3061,0,0,0,0,0,0,1,0,0,2,0,0
mmu-mir-6920,0,1,0,0,0,0,0,0,0,0,0,0
mmu-mir-7671,0,2,1,5,3,0,0,0,2,3,1,0
mmu-mir-7652,0,0,0,0,0,0,0,0,0,0,0,0
mmu-mir-6921,2,1,0,3,1,0,0,0,0,0,0,1
mmu-mir-6922,0,0,1,0,0,0,0,0,0,0,1,1
mmu-mir-5100,37,42,40,48,19,10,34,32,31,21,17,29
mmu-mir-744,646,668,562,205,149,195,613,364,430,689,730,845
mmu-mir-6923,0,0,0,0,0,0,0,0,0,0,0,0
mmu-mir-6406,0,0,0,0,0,0,0,0,0,0,0,0
mmu-mir-3062,0,0,0,0,0,0,0,0,0,0,0,0
mmu-mir-467f,0,0,0,0,0,0,0,0,0,0,0,0
mmu-mir-1934,4,7,0,9,7,3,7,5,2,2,2,2
mmu-mir-6924,1,0,0,0,0,0,0,0,0,0,0,0
mmu-mir-324,199,248,209,91,79,80,194,139,176,214,273,230
mmu-mir-497b,0,0,0,0,0,0,0,0,0,0,0,0
mmu-mir-497a,5,3,3,3,1,2,1,2,5,1,3,0
mmu-mir-195a,1,1,1,1,2,4,2,1,3,1,1,2
mmu-mir-7115,1,1,1,0,1,0,0,2,0,0,0,0
mmu-mir-6925,0,0,1,0,0,0,0,0,0,0,0,0
mmu-mir-6338,0,0,0,0,0,0,0,0,0,0,0,0
mmu-mir-6926,0,2,0,0,0,0,0,0,0,0,2,0
mmu-mir-212,6,7,0,1,4,4,6,5,2,0,2,4
mmu-mir-132,1,3,4,8,4,8,5,6,12,1,4,3
mmu-mir-22,28,34,37,34,33,37,56,42,54,37,29,32
mmu-mir-3971,0,0,0,0,0,0,0,0,0,0,0,0
mmu-mir-423,880,1079,764,506,433,458,837,719,889,664,769,873
mmu-mir-144,0,0,0,0,0,0,0,0,0,0,0,0
mmu-mir-451a,0,0,0,0,0,0,0,0,0,0,0,0
mmu-mir-451b,0,0,0,0,0,0,0,0,0,0,0,0
mmu-mir-7653,0,0,0,1,0,0,0,1,0,0,4,1
mmu-mir-193a,22,37,24,24,11,6,21,16,16,10,21,29
mmu-mir-365-2,49,72,59,15,19,20,44,26,58,21,45,30
mmu-mir-7679,4,0,0,0,0,0,1,0,1,0,0,0
mmu-mir-5110,0,0,0,0,0,0,0,0,0,0,0,0
mmu-mir-21a,440,644,506,1119,875,1092,1927,1577,1949,183,253,221
mmu-mir-301a,30,39,42,20,12,23,36,42,27,33,37,29
mmu-mir-142b,1,1,0,0,0,0,0,0,1,0,0,0
mmu-mir-142a,851,1287,975,647,465,627,1395,1204,957,808,1006,984
mmu-mir-378b,46,36,31,26,18,16,46,18,38,31,43,40
mmu-mir-3063,0,0,0,0,0,0,0,0,0,0,0,0
mmu-mir-196a-1,2,7,1,2,2,3,5,3,2,4,4,5
mmu-mir-10a,0,1,0,0,0,0,0,0,0,0,0,0
mmu-mir-152,0,2,1,0,0,1,1,1,2,0,0,0
mmu-mir-8103,0,1,0,0,0,0,0,1,0,0,0,0
mmu-mir-7235,0,0,1,0,0,0,0,1,0,1,0,0
mmu-mir-6927,0,0,0,1,0,0,0,0,0,0,0,0
mmu-mir-8102,4,2,1,2,4,2,2,2,0,0,2,1
mmu-mir-5119,0,0,0,0,0,0,0,0,0,0,0,0
mmu-mir-7116,0,0,0,0,0,1,1,0,0,0,0,0
mmu-mir-6928,0,0,0,0,0,0,0,0,0,0,1,0
mmu-mir-6929,1,0,0,0,0,1,0,0,0,0,0,0
mmu-mir-8101,5,1,3,14,4,5,10,5,1,2,8,1
mmu-mir-6930,0,0,0,0,0,0,1,0,0,0,0,0
mmu-mir-6931,0,0,1,0,0,0,0,0,0,0,0,0
mmu-mir-3064,0,0,0,0,0,1,1,0,1,1,1,1
mmu-mir-6932,0,0,0,0,0,0,0,0,0,0,0,0
mmu-mir-7223,0,0,0,0,0,0,0,0,0,0,0,0
mmu-mir-3968,16,43,21,19,10,19,45,22,31,18,19,21
mmu-mir-5621,1,0,0,1,0,1,0,0,0,0,0,0
mmu-mir-6516,735,1283,857,754,647,778,837,896,1029,730,705,486
mmu-mir-6933,0,0,0,0,0,1,0,0,0,0,0,0
mmu-mir-6934,0,0,0,0,0,0,0,1,0,0,0,0
mmu-mir-1932,0,0,0,1,1,1,1,0,0,0,0,1
mmu-mir-338,7,7,8,2,3,0,8,6,6,8,3,7
mmu-mir-3065,0,0,0,0,0,0,0,0,0,0,0,0
mmu-mir-6935,0,0,1,0,0,1,0,0,0,0,0,0
mmu-mir-6936,2,1,2,0,0,1,1,1,5,1,3,7
mmu-mir-7236,0,0,0,0,0,0,0,0,0,0,0,0
mmu-mir-7675,0,0,0,0,0,0,0,0,0,0,0,0
mmu-mir-6387,0,0,0,0,0,0,0,0,0,0,0,0
mmu-mir-3066,1,0,0,0,1,0,2,1,0,0,2,2
mmu-mir-6538,3,7,1,21,37,39,1,3,2,0,3,0
mmu-mir-6937,2,0,0,2,2,6,1,1,1,0,0,0
mmu-mir-680-3,0,0,0,0,0,0,0,0,0,0,0,0
mmu-mir-5099,35148,59096,33218,51023,41767,39985,38187,34029,28247,34223,32124,44409
mmu-mir-1938,0,0,1,1,0,2,0,0,0,0,0,0
mmu-mir-5627,0,3,0,1,0,6,0,1,1,2,0,1
mmu-mir-1892,4,11,0,3,1,1,0,6,0,6,2,5
mmu-mir-681,0,0,0,0,0,0,0,0,0,0,0,0
mmu-mir-5101,0,0,0,0,0,0,0,0,0,0,0,0
mmu-mir-5135,0,0,0,0,0,0,0,0,1,0,0,0
mmu-mir-1843a,327,664,364,341,275,284,372,347,443,499,380,336
mmu-mir-3067,0,1,0,0,0,2,0,0,0,0,0,0
mmu-mir-6938,0,0,0,0,0,0,0,0,0,0,0,0
mmu-mir-3068,1286,2678,1278,1037,1146,1118,1575,1765,1262,1736,1164,1656
mmu-mir-8099-2,0,0,1,0,0,0,0,0,0,0,1,1
mmu-mir-1190,0,0,0,0,0,0,0,0,0,0,0,0
mmu-mir-1936,0,0,0,0,0,0,0,0,0,0,0,0
mmu-mir-3069,300,434,326,340,240,276,316,346,294,314,308,257
mmu-mir-342,18,26,19,34,30,36,62,49,58,16,15,18
mmu-mir-345,33,38,27,25,12,10,25,21,27,17,29,27
mmu-mir-1906-1,0,0,0,0,0,0,0,0,0,0,0,0
mmu-mir-770,0,0,0,0,0,0,0,0,0,0,0,0
mmu-mir-673,0,1,0,0,0,0,0,0,0,0,0,0
mmu-mir-493,0,0,0,0,0,0,0,0,0,0,0,0
mmu-mir-337,0,0,0,0,0,0,0,0,1,0,0,0
mmu-mir-3544,0,0,0,0,0,0,0,0,0,0,0,0
mmu-mir-540,0,0,0,0,0,0,0,0,0,0,0,0
mmu-mir-665,0,0,0,0,0,0,0,0,0,0,0,0
mmu-mir-3070-1,0,0,0,0,0,1,0,0,0,0,0,0
mmu-mir-3070-2,0,1,0,0,0,1,1,0,0,0,0,0
mmu-mir-431,0,0,0,0,0,0,0,0,0,0,0,0
mmu-mir-433,0,0,0,0,0,0,0,0,0,0,0,0
mmu-mir-127,0,0,0,0,0,0,0,0,0,0,0,0
mmu-mir-434,0,0,0,0,0,0,1,0,0,0,0,0
mmu-mir-432,0,0,0,0,0,0,0,0,0,0,0,0
mmu-mir-3071,0,0,0,0,0,0,0,0,0,0,0,0
mmu-mir-136,0,0,0,0,0,0,0,0,0,0,0,0
mmu-mir-341,0,0,0,0,0,0,0,0,0,0,0,0
mmu-mir-1188,0,0,0,0,0,0,0,0,0,0,0,0
mmu-mir-370,0,0,0,0,0,0,0,0,0,0,0,0
mmu-mir-882,0,0,0,0,0,0,0,0,0,0,0,0
mmu-mir-379,0,0,0,0,0,0,0,0,0,0,0,0
mmu-mir-411,0,0,0,0,0,0,0,0,0,0,0,0
mmu-mir-299a,0,0,0,1,0,0,0,0,0,0,0,0
mmu-mir-299b,0,0,0,0,0,0,0,0,0,0,0,0
mmu-mir-380,0,0,0,0,0,0,0,0,0,0,0,0
mmu-mir-1197,0,0,0,0,0,0,0,0,0,0,0,0
mmu-mir-323,0,0,2,0,0,0,0,0,0,0,0,0
mmu-mir-758,0,0,0,0,0,0,0,0,0,0,0,0
mmu-mir-329,0,0,0,0,0,0,0,0,0,0,0,0
mmu-mir-494,0,0,0,0,0,0,0,0,0,0,1,0
mmu-mir-679,0,0,0,0,0,0,0,0,0,0,0,0
mmu-mir-1193,0,0,0,2,0,0,0,0,0,0,0,0
mmu-mir-666,0,0,0,0,0,0,0,0,0,0,0,0
mmu-mir-543,0,0,0,0,0,0,0,1,0,0,0,0
mmu-mir-495,0,0,0,0,0,0,0,0,0,0,0,0
mmu-mir-667,0,0,0,0,0,0,0,0,0,0,0,0
mmu-mir-376c,0,0,0,0,0,0,0,0,0,0,0,0
mmu-mir-654,0,0,0,0,0,0,0,0,0,0,0,0
mmu-mir-376b,0,0,0,0,0,0,0,0,0,0,0,0
mmu-mir-376a,0,0,0,0,0,0,0,0,0,0,0,0
mmu-mir-300,0,0,0,0,0,0,0,0,0,0,0,0
mmu-mir-381,0,0,0,0,0,0,0,0,0,0,0,0
mmu-mir-487b,0,0,0,0,0,0,0,0,0,0,0,0
mmu-mir-539,0,0,0,0,0,0,0,0,0,0,0,0
mmu-mir-544,0,0,0,0,0,0,0,0,0,0,0,0
mmu-mir-382,0,0,0,2,1,0,0,0,0,0,0,0
mmu-mir-134,0,0,0,0,0,0,0,0,0,0,0,0
mmu-mir-668,0,0,0,0,0,0,0,0,0,0,0,0
mmu-mir-485,0,0,0,0,0,0,0,0,0,0,0,0
mmu-mir-453,0,0,0,0,0,0,0,0,0,0,0,0
mmu-mir-154,0,0,0,0,0,0,0,0,0,0,0,0
mmu-mir-496a,0,0,0,0,0,0,0,0,0,0,0,0
mmu-mir-377,0,0,0,0,0,0,0,0,0,0,0,0
mmu-mir-541,0,0,0,0,0,0,0,0,0,0,0,0
mmu-mir-409,0,0,0,0,0,0,0,0,0,0,0,0
mmu-mir-412,0,0,0,0,0,0,0,0,0,0,0,0
mmu-mir-369,0,0,0,0,0,0,0,0,0,0,0,0
mmu-mir-410,0,0,0,0,0,0,0,0,0,0,0,0
mmu-mir-3072,0,0,0,0,0,0,0,0,0,0,0,0
mmu-mir-1247,3,2,3,4,8,11,3,6,1,2,2,3
mmu-mir-3073a,0,0,0,0,0,0,0,0,0,0,0,0
mmu-mir-3073b,0,0,0,0,0,0,0,0,0,0,0,0
mmu-mir-203,2,0,0,0,2,0,0,1,0,0,0,0
mmu-mir-6939,5,0,1,1,0,0,1,1,1,0,1,0
mmu-mir-6940,0,0,0,0,0,0,1,0,1,0,0,0
mmu-mir-6941,0,1,0,0,0,0,0,0,0,0,0,0
mmu-mir-7094-1,0,0,0,0,0,0,0,0,0,0,0,0
mmu-mir-7094-2,0,0,0,0,0,0,0,0,0,0,0,0
mmu-mir-6388,0,0,0,0,0,0,0,0,0,0,0,0
mmu-mir-153,0,1,0,0,0,0,0,0,0,0,0,0
mmu-mir-466i,5,3,4,3,5,1,7,4,2,5,10,6
mmu-mir-6942,0,0,0,0,0,0,0,0,0,0,0,1
mmu-mir-1896,1,0,0,0,1,2,0,1,0,1,0,0
mmu-mir-1983,18,28,26,46,48,52,27,22,30,23,24,19
mmu-mir-6368,0,0,0,0,0,0,0,0,0,0,0,0
mmu-mir-5124a,0,0,0,0,0,0,0,0,0,0,0,0
mmu-let-7d,4774,6454,4978,2648,1992,2269,5706,5785,5870,4277,5213,4491
mmu-let-7f-1,18073,24850,18896,11948,8844,10776,25085,25369,25911,19149,23003,20727
mmu-let-7a-1,33105,45800,34138,21814,16462,19450,45945,48319,48963,33526,40537,35659
mmu-mir-683-1,0,0,0,1,0,0,0,0,0,0,0,0
mmu-mir-683-2,0,0,0,0,0,0,0,0,0,0,0,0
mmu-mir-6943,0,0,0,0,0,1,2,0,0,0,0,0
mmu-mir-6944,0,0,0,0,0,0,0,1,0,0,0,0
mmu-mir-6945,0,0,0,0,0,0,0,0,0,1,1,1
mmu-mir-874,0,0,0,1,0,0,1,0,0,0,1,0
mmu-mir-6369,0,0,0,0,0,0,0,0,0,0,0,0
mmu-mir-7a-1,180,204,164,280,169,222,259,168,216,135,184,176
mmu-mir-713,0,0,0,1,1,0,0,0,0,0,0,0
mmu-mir-23b,6175,8663,6739,3816,2473,3545,8793,8130,8912,8131,10510,8770
mmu-mir-27b,269,254,241,133,103,127,360,293,355,237,331,261
mmu-mir-3074-1,1,0,2,1,0,3,1,3,5,1,4,4
mmu-mir-24-1,5492,7089,5693,2548,1992,2364,6579,6047,6139,5629,6798,6036
mmu-mir-466f-4,3,3,6,2,6,2,7,7,2,6,1,3
mmu-mir-692-3,794,1449,698,769,477,567,921,748,649,1055,663,1122
mmu-mir-682,345,526,295,305,216,234,307,232,199,501,286,493
mmu-mir-3961,0,0,0,0,0,0,0,0,0,0,0,0
mmu-mir-9-2,0,0,3,0,0,0,0,0,0,0,0,0
mmu-mir-5624,0,0,0,0,0,0,0,1,0,0,0,0
mmu-mir-582,2,0,2,0,2,1,2,0,0,2,1,5
mmu-mir-1904,0,0,0,0,0,0,0,0,0,0,0,0
mmu-mir-449c,0,0,0,0,0,0,0,0,0,0,0,0
mmu-mir-449b,0,0,0,0,0,0,0,0,0,0,0,0
mmu-mir-449a,0,0,0,0,0,0,0,0,0,0,0,0
mmu-mir-5124b,0,0,0,0,0,0,0,0,0,0,0,0
mmu-mir-6946,1,0,0,2,0,0,0,0,0,0,0,0
mmu-mir-7210,0,0,0,0,0,0,0,0,0,0,0,0
mmu-mir-3075,0,0,0,0,0,0,0,0,0,0,0,0
mmu-mir-7672,0,0,1,0,0,0,0,0,0,1,0,0
mmu-mir-6947,0,0,0,0,0,0,0,0,0,0,0,0
mmu-mir-3076,2,3,4,4,0,4,0,3,6,2,5,0
mmu-mir-346,0,0,0,0,0,0,0,0,0,0,0,0
mmu-mir-327,0,0,0,0,0,0,0,0,0,0,0,0
mmu-mir-5131,6,6,3,3,0,1,0,2,2,6,2,2
mmu-mir-378c,200,206,155,97,89,80,236,152,180,163,193,235
mmu-mir-686,3,2,2,3,1,5,9,1,4,5,3,4
mmu-mir-6948,0,1,0,0,3,0,0,1,0,1,0,0
mmu-mir-208a,0,0,0,0,0,0,0,0,0,0,0,0
mmu-mir-208b,0,0,0,0,0,0,0,0,0,0,0,0
mmu-mir-6949,0,0,0,0,0,0,0,0,0,0,0,0
mmu-mir-3077,0,0,3,1,0,0,1,0,0,1,0,0
mmu-mir-719,0,2,0,0,0,0,0,0,0,0,0,0
mmu-mir-16-1,150,160,153,99,79,94,182,125,201,137,200,163
mmu-mir-15a,38,41,43,6,9,16,21,14,27,25,17,20
mmu-mir-8098,1,4,2,5,3,2,6,6,6,1,0,4
mmu-mir-6541,0,0,0,0,0,0,0,0,0,0,0,2
mmu-mir-598,0,4,0,1,1,1,4,6,6,0,3,0
mmu-mir-124-1,0,0,1,4,1,0,0,0,0,0,0,1
mmu-mir-3078,0,0,0,0,0,0,0,0,0,0,0,0
mmu-mir-6539,0,0,3,2,0,0,0,0,2,0,1,2
mmu-mir-6950,0,0,0,0,0,0,0,0,0,0,0,0
mmu-mir-320,73,75,71,234,311,328,48,53,61,53,73,59
mmu-mir-687,0,0,0,0,0,0,0,0,0,0,0,0
mmu-mir-1971,0,0,0,0,0,0,0,0,0,0,0,0
mmu-mir-759,0,0,0,0,0,0,0,0,0,0,0,0
mmu-mir-5130,5,6,5,4,1,4,6,4,4,5,3,5
mmu-mir-6390,1,3,0,0,0,1,0,1,0,0,0,3
mmu-mir-17,221,221,170,116,93,103,160,107,124,124,167,184
mmu-mir-18a,23,39,29,16,17,19,23,20,28,8,19,13
mmu-mir-19a,201,294,240,193,136,163,243,247,261,216,260,220
mmu-mir-20a,20,20,12,14,4,8,15,15,10,14,21,18
mmu-mir-19b-1,334,497,390,323,221,261,402,413,416,324,452,363
mmu-mir-92a-1,793,943,725,603,489,505,475,297,444,569,574,697
mmu-mir-6239,1,1,0,4,8,14,0,1,0,4,0,1
mmu-mir-6241,0,0,0,0,0,0,0,0,0,0,0,0
mmu-mir-6391,0,0,0,0,0,0,0,0,0,2,0,0
mmu-mir-1898,0,0,0,0,0,0,0,0,0,0,0,0
mmu-mir-7212,0,0,0,0,0,0,0,0,0,0,2,0
mmu-mir-7117,1,0,2,0,0,0,0,0,0,1,0,0
mmu-mir-3964,0,0,0,0,0,0,1,0,0,0,0,0
mmu-mir-599,0,0,0,0,0,0,0,0,0,0,0,0
mmu-mir-875,0,0,0,0,0,0,0,0,0,0,0,0
mmu-mir-8097,0,1,2,2,1,0,2,0,0,0,1,1
mmu-mir-6951,2,0,1,0,0,0,0,0,0,0,1,0
mmu-mir-1907,0,0,0,0,0,0,1,0,0,0,0,0
mmu-mir-28c,2,2,5,3,0,8,9,5,8,5,1,2
mmu-mir-30b,25,25,21,13,13,12,27,21,38,20,28,26
mmu-mir-30d,47,64,39,22,22,26,55,40,71,42,47,35
mmu-mir-151,172,242,175,98,99,112,178,280,244,141,224,140
mmu-mir-6952,0,1,0,0,0,0,0,1,1,0,0,0
mmu-mir-1942,0,0,0,0,0,0,0,0,0,0,0,0
mmu-mir-6953,2,5,0,0,1,2,2,2,3,0,3,1
mmu-mir-3079,0,0,0,0,0,0,0,0,0,0,0,0
mmu-mir-6954,0,2,1,0,0,0,0,0,0,0,3,0
mmu-mir-7676-1,1,0,0,0,0,0,0,0,0,0,0,0
mmu-mir-7676-2,1,0,0,0,1,0,0,0,0,0,0,0
mmu-mir-6955,0,0,0,0,0,0,0,0,0,0,0,0
mmu-mir-6956,0,1,0,0,0,0,0,0,0,0,0,0
mmu-mir-1943,1,1,0,0,0,3,1,0,0,0,0,2
mmu-mir-7213,2,3,1,0,1,3,3,5,3,2,3,0
mmu-mir-6957,0,0,0,0,0,0,0,0,0,0,0,0
mmu-mir-5113,4,0,3,0,3,0,0,0,2,1,0,2
mmu-mir-33,1,9,7,1,4,7,3,5,6,2,10,5
mmu-mir-7684,0,0,0,0,0,0,0,0,0,0,0,0
mmu-mir-3080,0,0,0,0,0,0,0,0,0,0,0,0
mmu-mir-6392,0,0,0,0,0,0,0,0,0,0,0,0
mmu-mir-1249,17,26,16,4,0,3,24,17,25,16,18,12
mmu-let-7c-2,11046,16206,11309,6589,5268,5961,14118,15088,15086,11160,13271,11633
mmu-let-7b,4558,6848,4601,2474,2062,2220,5093,5629,5430,4547,5598,4951
mmu-mir-6393,0,0,0,0,0,0,0,0,0,0,0,0
mmu-mir-7118,0,0,0,0,1,0,0,1,0,1,0,0
mmu-mir-6958,0,1,0,0,0,0,0,0,0,0,0,0
mmu-mir-6959,2,1,0,0,0,0,2,0,1,0,3,0
mmu-mir-7648,2,1,0,1,0,0,3,1,0,0,0,1
mmu-mir-1291,136,266,161,122,161,120,161,175,181,203,162,256
mmu-mir-6960,0,1,0,0,2,0,6,0,1,1,0,1
mmu-mir-6961,0,0,0,0,0,0,0,0,0,0,0,0
mmu-mir-6962,0,0,0,0,0,0,0,0,0,0,0,0
mmu-mir-1941,0,0,0,0,0,0,0,2,0,0,0,0
mmu-mir-688,1,4,6,1,6,7,1,0,3,4,2,3
mmu-mir-196a-2,1,7,1,2,2,3,5,3,2,4,4,5
mmu-mir-615,6,6,7,1,1,2,2,4,4,7,6,6
mmu-mir-148b,18,19,20,10,11,9,17,5,27,13,6,15
mmu-mir-6963,0,0,0,0,0,0,0,0,0,0,1,0
mmu-mir-6364,0,0,0,0,0,0,0,0,0,0,0,0
mmu-mir-1945,0,0,0,0,0,0,0,0,0,0,0,0
mmu-mir-193b,0,2,2,0,0,0,0,0,0,0,1,0
mmu-mir-365-1,41,66,53,12,15,16,32,19,52,19,35,24
mmu-mir-6365,0,0,0,0,0,0,0,0,0,0,0,0
mmu-mir-484,105,122,75,39,27,29,71,49,118,80,100,90
mmu-mir-130b,589,737,585,244,202,233,582,538,537,438,544,512
mmu-mir-301b,37,45,43,16,12,25,38,48,27,30,42,31
mmu-mir-6366,0,0,0,0,0,0,0,0,0,0,0,0
mmu-mir-1306,41,47,39,6,16,22,29,25,33,38,22,31
mmu-mir-3618,0,0,0,0,3,3,0,1,0,2,0,0
mmu-mir-185,129,143,117,54,33,44,140,103,122,137,140,156
mmu-mir-1224,0,0,1,0,1,0,0,1,2,0,0,0
mmu-mir-7680,0,0,0,0,0,0,0,0,0,0,1,0
mmu-mir-8095,0,0,0,0,0,0,0,0,0,0,0,0
mmu-mir-6362,0,0,0,0,0,0,0,0,0,0,0,0
mmu-mir-28a,103,158,102,70,47,71,149,149,147,62,83,81
mmu-mir-690,20,51,28,31,15,11,38,36,40,26,37,49
mmu-mir-1946a,0,0,0,0,0,0,0,0,0,0,0,0
mmu-mir-1947,0,0,0,0,0,0,0,0,0,0,0,0
mmu-mir-6540,0,0,0,0,0,0,0,0,0,0,0,0
mmu-mir-568,0,0,0,0,0,0,0,0,0,0,0,0
mmu-mir-3470b,0,0,0,0,0,0,0,0,0,0,0,0
mmu-mir-3081,0,0,0,0,0,0,0,0,1,0,0,0
mmu-mir-6363,0,0,0,0,0,0,0,0,0,0,0,0
mmu-mir-5118,0,0,0,0,0,0,0,0,0,0,0,0
mmu-mir-691,0,0,0,0,0,0,0,0,0,0,0,0
mmu-mir-99a,0,2,2,0,1,0,0,0,1,1,0,0
mmu-let-7c-1,10950,15950,11153,6506,5235,5838,13936,14849,14954,11090,13168,11485
mmu-mir-125b-2,14,22,17,4,5,3,12,10,15,4,9,5
mmu-mir-155,7,8,9,79,60,57,10,9,18,3,8,4
mmu-mir-6367,0,0,0,0,0,1,0,2,0,0,0,0
mmu-mir-802,0,0,0,0,0,0,0,0,0,0,0,0
mmu-mir-6964,0,0,1,0,0,0,0,0,0,0,0,1
mmu-mir-692-1,487,821,384,463,305,313,571,474,337,522,354,637
mmu-mir-99b,0,0,0,0,0,0,0,0,0,0,0,0
mmu-let-7e,6534,9329,6842,4519,3431,3950,9176,9885,9843,6615,8036,6954
mmu-mir-125a,0,0,1,0,0,0,0,0,0,0,0,0
mmu-mir-5125,1,0,0,0,0,0,0,0,0,0,0,0
mmu-mir-5134,0,0,1,2,0,2,0,0,0,2,1,0
mmu-mir-6965,0,0,2,0,2,0,0,1,0,0,0,0
mmu-mir-3547,0,0,0,0,0,1,0,0,0,0,0,0
mmu-mir-6966,0,0,0,0,0,0,0,0,0,0,0,1
mmu-mir-3082,1,1,0,0,0,1,0,0,2,0,0,0
mmu-mir-6967-1,0,3,0,1,0,0,0,0,1,1,3,1
mmu-mir-6968,0,0,0,0,0,0,0,0,0,0,0,0
mmu-mir-3083,0,1,0,0,0,0,0,0,0,0,0,0
mmu-mir-7677,0,0,0,0,0,0,0,0,0,0,0,0
mmu-mir-7214,0,0,0,0,0,0,0,0,0,0,0,0
mmu-mir-7216,0,0,0,0,0,0,0,0,0,0,0,0
mmu-mir-7217,0,0,0,0,0,0,0,0,0,0,0,0
mmu-mir-7218,0,0,0,0,0,0,0,0,0,0,0,0
mmu-mir-6969,0,0,0,0,0,0,0,0,0,0,0,0
mmu-mir-7667,0,0,0,0,0,0,0,0,0,0,0,0
mmu-mir-6967-2,0,3,0,1,0,0,0,0,1,1,3,1
mmu-mir-219a-1,2,2,5,4,3,1,0,0,2,0,2,1
mmu-mir-219c,0,1,1,0,0,0,0,0,0,0,0,0
mmu-mir-6971,3,0,0,0,0,0,3,0,0,0,0,0
mmu-mir-6970,1,0,1,0,0,0,0,0,0,0,1,0
mmu-mir-6972,0,0,0,0,0,0,0,0,0,0,0,0
mmu-mir-6973a,0,0,0,0,0,0,0,0,0,0,0,0
mmu-mir-6974,0,0,0,0,0,0,0,0,0,0,0,0
mmu-mir-6975,1,0,0,1,0,0,1,0,2,2,1,1
mmu-mir-8094,1,0,1,0,0,0,0,1,0,0,2,1
mmu-mir-1894,0,0,0,0,0,1,0,0,0,1,1,0
mmu-mir-877,152,174,132,72,62,62,171,169,168,102,109,109
mmu-mir-693,0,0,0,0,0,0,0,1,0,0,0,0
mmu-mir-6976,0,2,0,0,1,1,0,2,1,1,0,0
mmu-mir-7b,90,78,70,159,86,128,132,67,93,38,57,70
mmu-mir-6977,0,0,0,0,0,1,1,0,0,0,0,0
mmu-mir-6978,0,0,0,0,0,1,1,0,0,0,0,0
mmu-mir-6420,0,0,0,0,1,0,0,0,0,0,0,0
mmu-mir-5709,0,0,0,0,0,0,0,0,0,0,0,0
mmu-mir-1195,0,0,0,2,1,1,1,0,0,0,0,0
mmu-mir-1893,2,2,0,3,0,0,1,0,2,2,0,1
mmu-mir-133a-1,0,0,0,0,0,0,0,0,0,0,0,0
mmu-mir-1b,2,5,1,1,0,0,0,0,1,1,0,0
mmu-mir-1a-2,0,1,0,0,1,0,0,1,2,1,0,0
mmu-mir-1901,0,2,0,0,1,0,0,0,0,0,0,0
mmu-mir-1948,0,0,0,0,0,0,0,0,0,0,0,0
mmu-mir-6360,0,0,0,0,0,0,0,0,0,0,0,0
mmu-mir-187,0,0,0,0,0,0,0,0,0,0,0,0
mmu-mir-6361,0,0,0,0,0,0,0,0,0,0,0,0
mmu-mir-1949,1258,3228,1505,1978,1448,2101,1918,2263,2253,2426,1797,1809
mmu-mir-6979,0,0,0,0,1,0,0,0,0,0,2,0
mmu-mir-6981,2,3,0,0,1,0,1,0,1,1,1,0
mmu-mir-6980,0,0,1,0,0,1,1,0,0,0,0,0
mmu-mir-1258,0,0,0,0,0,0,0,0,0,0,0,0
mmu-mir-6355,0,0,0,0,0,0,0,0,0,0,0,0
mmu-mir-5107,2,5,3,2,1,1,2,3,2,0,2,0
mmu-mir-7220,0,0,0,0,0,0,0,0,0,0,0,0
mmu-mir-6982,0,0,0,0,0,0,0,0,0,0,0,0
mmu-mir-6983,0,0,0,0,0,0,1,0,0,1,0,0
mmu-mir-378a,391,441,338,182,192,163,431,262,356,318,340,403
mmu-mir-145a,0,0,0,0,2,0,0,0,0,0,0,0
mmu-mir-143,0,1,0,1,3,0,0,0,0,0,0,1
mmu-mir-122,1,0,0,0,2,0,0,0,0,0,0,1
mmu-mir-694,0,0,0,0,0,0,0,0,0,0,0,0
mmu-mir-7219,1,1,2,2,0,0,2,0,0,0,0,0
mmu-mir-6356,0,0,0,0,0,0,0,0,0,0,0,0
mmu-mir-145b,0,0,0,0,0,0,0,0,0,0,0,0
mmu-mir-6357,0,0,0,0,0,0,0,0,0,0,0,0
mmu-mir-6358,0,0,0,0,0,0,0,0,0,0,0,0
mmu-mir-5127,0,0,0,0,0,0,0,0,0,0,0,0
mmu-mir-5112,0,1,0,0,0,0,0,0,0,0,0,0
mmu-mir-6359,0,0,1,0,1,0,0,0,0,0,0,0
mmu-mir-6984,0,2,2,1,0,0,0,1,1,0,2,3
mmu-mir-6985,0,1,0,0,0,0,2,1,2,2,4,1
mmu-mir-6986,0,2,0,0,1,0,2,0,0,0,0,0
mmu-mir-6987,1,0,0,0,0,1,0,1,0,0,1,0
mmu-mir-6988,0,2,0,0,0,0,0,1,2,0,1,0
mmu-mir-194-2,11,7,3,2,3,6,1,2,4,6,2,6
mmu-mir-192,6,7,6,8,4,2,4,4,6,1,6,4
mmu-mir-6989,0,1,0,0,0,1,0,0,0,0,2,0
mmu-mir-5046,0,0,0,0,0,0,0,0,0,0,0,0
mmu-mir-6990,0,0,0,0,0,0,0,0,0,0,0,0
mmu-mir-6991,0,1,0,0,0,0,0,0,0,0,1,0
mmu-mir-6992,0,0,0,0,0,0,0,0,0,0,0,0
mmu-mir-5136,138,269,155,92,93,94,132,134,136,147,102,105
mmu-mir-6993,0,0,0,0,3,0,0,0,1,1,0,1
mmu-mir-6994,0,0,3,2,1,0,3,0,0,1,0,0
mmu-mir-496b,0,0,0,0,0,0,0,0,0,0,0,0
mmu-mir-204,0,0,0,1,0,0,0,0,0,0,0,0
mmu-mir-1192,0,0,0,0,0,0,0,0,0,0,0,0
mmu-mir-3084-1,850,1417,909,820,774,780,1007,918,1257,984,1016,813
mmu-mir-101b,41,45,26,27,13,32,31,59,45,27,42,36
mmu-mir-3970,3,1,6,4,0,6,7,2,2,1,7,3
mmu-mir-107,102,88,81,42,32,24,84,54,63,45,69,73
mmu-mir-1950,0,0,0,0,0,0,0,0,0,0,0,0
mmu-mir-8092,1,0,0,2,0,0,1,0,1,1,0,0
mmu-mir-8091,5,0,0,0,0,2,0,0,0,0,0,0
mmu-mir-3085,0,0,0,0,0,0,0,0,0,0,0,0
mmu-mir-5114,12,14,17,7,6,4,9,17,18,9,12,19
mmu-mir-6405,0,0,0,0,0,0,0,0,0,0,0,0
mmu-mir-146b,286,384,291,4096,2789,3510,453,402,554,270,403,315
mmu-mir-6995,0,0,0,0,0,0,0,0,0,0,0,0
mmu-mir-8090,0,0,0,0,0,0,0,0,0,0,0,0
mmu-mir-6407,0,0,0,0,0,0,0,0,0,0,0,0
mmu-mir-6715,0,0,0,0,0,0,0,0,0,0,0,0
mmu-mir-5623,0,0,0,0,0,0,0,0,0,0,0,0
mmu-mir-3086,2,0,1,0,0,1,0,0,0,0,0,0
mmu-mir-3084-2,848,1419,910,821,776,779,1002,919,1259,983,1016,816
mmu-mir-466m,11,17,14,11,0,5,16,8,15,11,14,20
mmu-mir-466f-1,15,6,7,0,6,4,7,5,1,2,2,4
mmu-mir-669f,122,114,87,33,35,31,86,70,77,72,67,94
mmu-mir-669e,9,5,6,9,4,3,6,8,17,4,13,14
mmu-mir-669b,21,18,26,10,10,12,18,16,23,17,15,12
mmu-mir-669d,19,27,23,18,15,29,33,33,37,20,33,37
mmu-mir-466f-2,27,13,16,8,9,11,23,12,13,22,11,24
mmu-mir-669l,113,146,99,114,57,85,131,158,169,102,145,136
mmu-mir-669d-2,24,24,21,19,16,28,35,36,38,17,32,34
mmu-mir-466f-3,29,24,17,21,26,25,33,24,19,26,17,30
mmu-mir-297a-2,28,35,35,18,14,15,34,21,28,21,35,33
mmu-mir-466o,32,29,16,16,8,11,17,25,23,18,23,34
mmu-mir-467c,51,71,42,41,23,31,63,50,46,51,56,58
mmu-mir-466b-1,317,311,261,199,169,138,340,236,297,221,238,302
mmu-mir-669a-3,89,103,82,52,39,59,100,80,99,63,95,94
mmu-mir-669k,2,2,0,3,2,3,5,2,0,1,1,3
mmu-mir-467a-1,189,232,193,73,72,84,277,186,244,183,235,218
mmu-mir-466b-8,361,328,260,195,163,161,343,244,278,258,242,311
mmu-mir-669a-1,298,274,230,105,103,96,249,192,245,211,222,305
mmu-mir-669g,0,0,0,0,0,0,0,0,0,0,0,0
mmu-mir-669j,5,7,4,6,0,3,0,1,1,2,2,0
mmu-mir-467a-2,187,238,184,89,59,81,242,172,244,168,231,202
mmu-mir-466e,377,311,261,198,131,167,361,254,287,236,218,305
mmu-mir-669a-4,326,273,232,109,105,122,221,178,249,228,205,324
mmu-mir-467b,81,108,54,40,23,41,114,78,93,55,83,79
mmu-mir-466c-1,539,488,466,223,186,195,502,331,363,321,319,435
mmu-mir-669a-5,345,267,208,119,98,129,248,187,270,210,218,287
mmu-mir-467a-3,210,254,179,87,65,83,266,153,226,173,220,216
mmu-mir-466c-2,517,513,450,202,195,182,475,318,342,319,316,446
mmu-mir-669a-6,332,285,228,108,103,121,239,189,262,224,216,330
mmu-mir-467a-4,224,248,214,88,62,71,245,172,237,160,236,224
mmu-mir-466b-4,319,318,219,187,123,153,328,238,264,218,246,301
mmu-mir-669a-7,317,301,224,104,104,111,263,167,245,177,224,287
mmu-mir-467a-5,213,243,188,90,56,95,263,155,210,170,217,207
mmu-mir-466b-5,333,277,260,218,143,161,329,226,270,234,228,329
mmu-mir-669p-1,94,96,71,71,50,68,92,98,106,79,108,98
mmu-mir-467a-6,196,240,210,98,55,99,253,161,273,158,222,218
mmu-mir-466c-3,542,495,446,219,191,203,467,332,364,330,312,447
mmu-mir-669a-8,292,291,236,122,113,117,252,189,265,214,212,274
mmu-mir-467a-7,202,253,191,100,55,87,235,167,232,154,243,205
mmu-mir-466b-6,315,278,234,175,147,131,352,218,287,231,233,335
mmu-mir-669a-9,340,284,246,120,102,109,247,181,251,203,209,289
mmu-mir-467a-8,214,239,195,90,46,92,267,167,238,149,210,200
mmu-mir-466b-7,344,296,264,179,170,150,361,233,257,230,230,320
mmu-mir-669p-2,94,119,96,81,43,69,97,101,131,83,111,90
mmu-mir-467a-9,192,252,194,88,66,87,242,178,244,165,201,201
mmu-mir-466b-2,325,314,255,175,143,161,335,237,294,219,241,292
mmu-mir-669a-10,307,305,225,105,93,115,203,186,240,214,220,314
mmu-mir-669a-11,338,287,221,105,108,119,237,187,265,234,205,293
mmu-mir-467a-10,193,243,191,98,63,94,235,179,229,142,226,197
mmu-mir-466b-3,286,247,212,164,114,139,298,175,226,170,181,232
mmu-mir-669a-12,356,287,208,131,116,119,217,181,266,207,217,297
mmu-mir-467e,113,130,120,79,63,91,138,125,123,112,146,134
mmu-mir-466p,309,292,272,177,131,143,339,226,258,223,216,314
mmu-mir-467d,175,210,150,73,63,70,193,140,159,139,187,198
mmu-mir-466a,275,289,252,181,149,150,332,213,267,236,233,293
mmu-mir-297c,164,221,174,66,44,74,190,139,205,146,168,188
mmu-mir-669c,1086,1447,1015,638,439,559,1248,1333,1286,969,1091,1109
mmu-mir-669a-2,341,270,231,105,111,131,247,205,254,210,192,314
mmu-mir-297b,178,193,179,71,61,80,188,158,188,155,198,173
mmu-mir-466d,233,213,221,122,92,99,220,139,162,156,171,213
mmu-mir-669m-1,36,44,28,21,8,18,33,19,31,26,27,42
mmu-mir-669m-2,35,48,26,19,7,19,31,22,31,29,29,40
mmu-mir-466n,60,57,67,18,13,11,49,44,40,32,38,29
mmu-mir-669o,323,311,227,129,104,126,226,211,261,232,222,315
mmu-mir-466g,15,19,14,8,12,8,18,19,20,18,13,13
mmu-mir-466h,43,28,22,18,16,22,27,18,20,28,33,37
mmu-mir-297a-3,184,208,169,79,52,78,192,137,196,157,184,174
mmu-mir-466l,1,2,0,0,0,1,3,0,0,3,1,0
mmu-mir-297a-4,173,208,180,64,55,85,208,142,197,154,180,172
mmu-mir-669i,4,4,1,2,4,3,2,1,1,3,1,0
mmu-mir-669h,9,27,11,7,3,13,19,14,6,9,9,13
mmu-mir-511,21,41,19,1,4,6,47,43,44,11,15,11
mmu-mir-6419,0,0,0,0,0,0,0,0,0,0,0,0
mmu-mir-7655,0,1,0,2,0,0,2,0,0,0,0,0
mmu-mir-3967,0,0,0,0,0,0,0,0,0,0,0,0
mmu-mir-7664,0,0,0,0,0,0,0,0,0,0,0,0
mmu-mir-3087,0,0,0,0,0,0,0,0,0,1,0,0
mmu-mir-6996,0,0,0,0,0,0,0,0,0,0,0,0
mmu-mir-126a,19,76,35,23,18,24,28,40,38,47,49,43
mmu-mir-126b,0,0,0,0,0,0,0,0,0,0,0,1
mmu-mir-7578,0,0,0,0,0,0,0,0,0,0,0,0
mmu-mir-3088,0,0,0,0,0,0,0,0,0,0,0,0
mmu-mir-133c,0,0,0,0,0,0,0,0,0,0,0,0
mmu-mir-219a-2,0,1,3,0,0,0,0,0,1,0,1,0
mmu-mir-219b,0,0,3,0,0,0,0,0,2,0,0,0
mmu-mir-6997,0,0,0,0,0,0,0,0,0,0,0,0
mmu-mir-3089,0,0,0,0,0,0,0,0,0,0,0,0
mmu-mir-6998,0,0,0,0,0,0,0,0,0,2,1,0
mmu-mir-7674,0,0,0,0,0,0,0,0,0,0,0,0
mmu-mir-3154,0,0,0,0,0,0,0,0,0,0,0,0
mmu-mir-199b,48,85,56,35,21,19,92,81,86,44,90,63
mmu-mir-1954,0,0,0,0,0,0,0,0,0,0,0,0
mmu-mir-8093,0,0,0,0,0,0,1,0,0,0,0,0
mmu-mir-2861,0,0,0,0,0,2,0,0,0,0,0,0
mmu-mir-3960,0,0,1,1,2,0,0,0,1,0,3,1
mmu-mir-5128,1,5,2,0,1,3,1,1,0,4,1,2
mmu-mir-181a-2,17,24,37,2,5,6,21,19,34,34,23,43
mmu-mir-181b-2,7,1,2,2,2,5,4,5,5,8,4,6
mmu-mir-6336,0,0,0,0,0,0,0,0,0,0,0,0
mmu-mir-5129,2,0,2,1,0,2,1,1,0,1,1,2
mmu-mir-195b,0,0,0,0,0,0,0,0,0,0,0,0
mmu-mir-6337,0,0,0,0,0,0,0,0,0,0,0,0
mmu-mir-7224,0,0,0,0,0,0,0,0,0,0,0,0
mmu-mir-6335,0,0,0,0,0,0,0,0,0,0,0,0
mmu-mir-10b,0,1,0,0,0,0,2,0,0,1,0,0
mmu-mir-684-1,1,1,1,0,5,2,5,0,2,2,0,4
mmu-mir-130a,0,0,0,0,0,0,0,0,0,0,0,0
mmu-mir-6999,0,0,0,0,0,0,0,0,0,0,0,0
mmu-mir-1955,4,1,1,3,1,0,1,0,0,0,2,0
mmu-mir-7000,0,0,0,0,0,0,1,1,0,2,0,0
mmu-mir-7221,0,0,0,0,0,0,0,0,0,0,0,0
mmu-mir-7222,0,0,0,0,0,0,0,0,0,0,0,0
mmu-mir-7001,0,1,0,0,0,0,2,1,0,0,0,0
mmu-mir-129-2,1,2,1,0,1,0,2,3,2,1,2,2
mmu-mir-129b,1,1,0,0,0,0,0,0,0,0,0,0
mmu-mir-670,2,0,1,0,1,0,0,0,1,0,0,0
mmu-mir-1902,0,0,0,0,0,0,0,0,0,0,0,0
mmu-mir-7002,0,0,0,0,0,0,0,0,0,0,0,0
mmu-mir-1951,0,1,0,0,2,0,0,0,0,0,0,0
mmu-mir-674,1051,1369,1065,575,513,466,1280,1201,1417,790,851,866
mmu-mir-7665,0,0,0,0,1,0,0,0,0,0,0,0
mmu-mir-147,1,0,1,1,1,4,2,0,0,1,0,0
mmu-mir-3473g,0,0,0,0,0,0,0,0,0,0,1,0
mmu-mir-6339,0,0,0,0,0,0,0,0,0,0,0,0
mmu-mir-6973b,0,0,0,0,0,0,0,0,0,0,0,0
mmu-mir-103-2,123,123,106,52,37,27,103,76,80,56,88,85
mmu-mir-3090,0,0,0,0,0,0,0,0,0,0,0,0
mmu-mir-1952,0,0,0,0,0,0,0,0,0,0,0,0
mmu-mir-1953,0,0,0,0,0,0,0,0,0,0,0,0
mmu-mir-5622,0,1,0,0,0,0,0,0,0,0,0,0
mmu-mir-695,0,0,0,0,0,0,0,0,0,0,0,0
mmu-mir-499,0,0,0,0,0,0,0,0,0,0,0,0
mmu-mir-7685,0,0,0,0,0,0,0,0,0,0,0,0
mmu-mir-3474,1,4,8,1,1,2,5,4,1,1,8,6
mmu-mir-7003,0,3,1,0,0,0,0,5,0,0,1,0
mmu-mir-7678,3,2,3,11,5,6,2,3,3,1,0,0
mmu-mir-7004,0,0,0,0,0,0,0,0,0,0,0,0
mmu-mir-6340,0,0,0,0,0,0,0,0,0,0,0,0
mmu-mir-296,0,0,0,0,0,0,0,0,0,0,0,1
mmu-mir-298,0,0,0,0,0,0,0,0,0,0,0,0
mmu-mir-7005,0,0,0,0,0,0,0,0,0,0,0,0
mmu-mir-3091,0,2,0,4,2,3,0,3,2,0,0,9
mmu-mir-1a-1,0,1,0,0,2,0,0,1,2,1,0,0
mmu-mir-133a-2,0,0,0,0,0,0,0,0,0,0,0,0
mmu-mir-124-3,0,0,1,3,2,2,0,0,0,0,0,1
mmu-mir-7006,0,0,0,0,0,0,0,0,0,0,0,0
mmu-mir-124-2,0,0,1,3,1,0,0,0,0,0,0,1
mmu-mir-7007,0,0,0,0,0,0,0,0,0,0,0,0
mmu-mir-3092,0,1,0,0,0,0,0,0,0,0,0,0
mmu-mir-466q,0,0,0,0,0,0,0,0,0,0,0,0
mmu-mir-551b,0,0,0,0,0,0,0,0,0,0,0,0
mmu-mir-21b,0,0,0,0,1,0,0,3,0,0,0,0
mmu-mir-7008,0,0,0,0,0,0,0,0,0,0,0,0
mmu-mir-1897,0,0,0,0,0,0,0,0,0,0,0,0
mmu-mir-6378,0,0,0,0,0,0,0,0,0,0,0,0
mmu-mir-7009,0,0,0,0,0,0,0,0,0,0,0,0
mmu-mir-6379,0,0,0,0,0,0,0,0,0,0,0,0
mmu-mir-6377,0,0,0,0,0,0,0,0,0,0,0,0
mmu-mir-8120,0,1,0,0,1,0,0,1,0,1,0,0
mmu-mir-15b,123,151,130,87,62,107,142,94,151,100,115,103
mmu-mir-16-2,159,174,151,116,86,108,201,132,213,147,206,170
mmu-mir-7010,0,0,0,0,0,0,0,0,0,0,0,0
mmu-mir-466k,0,1,0,0,0,0,0,0,1,0,0,0
mmu-mir-3093,0,0,0,0,0,0,0,0,0,0,0,0
mmu-mir-9-1,0,0,3,0,0,0,0,0,0,1,0,0
mmu-mir-7011,0,0,0,0,0,0,0,0,0,0,0,0
mmu-mir-1905,0,0,0,0,0,0,1,0,0,0,0,0
mmu-mir-92b,94,115,68,61,48,51,53,36,70,47,69,92
mmu-mir-7669,6,8,7,3,6,9,7,5,6,2,3,13
mmu-mir-190b,2,4,1,3,4,0,0,3,2,7,4,4
mmu-mir-7012,2,7,2,0,0,1,5,1,1,1,2,4
mmu-mir-7013,0,0,0,0,1,2,2,0,1,3,3,0
mmu-mir-8099-1,0,0,0,0,0,0,0,0,0,0,1,0
mmu-mir-7014,0,0,0,0,0,0,0,0,0,0,0,0
mmu-mir-7225,0,0,0,0,0,0,0,0,0,0,0,0
mmu-mir-6481,0,0,0,12,6,4,0,0,0,0,0,4
mmu-mir-669n,0,0,0,0,0,0,0,0,0,0,0,0
mmu-mir-137,0,0,0,1,1,0,0,0,0,0,0,0
mmu-mir-760,8,1,1,0,0,0,0,0,3,2,1,1
mmu-mir-7657,0,0,0,0,0,0,0,0,0,1,0,0
mmu-mir-302b,0,0,0,0,0,0,0,0,0,0,0,0
mmu-mir-302c,0,0,0,0,0,0,0,0,0,0,0,0
mmu-mir-302a,0,0,0,0,0,0,0,0,0,0,0,0
mmu-mir-302d,0,0,0,0,0,0,0,0,0,0,0,0
mmu-mir-367,0,0,0,0,0,0,0,0,0,0,0,0
mmu-mir-1895,0,0,0,0,0,0,0,0,0,0,0,0
mmu-mir-6380,0,0,0,0,0,0,0,0,0,0,0,0
mmu-mir-1956,0,5,3,1,0,5,1,1,1,3,0,3
mmu-let-7j,444,603,427,289,224,255,600,550,546,651,788,707
mmu-mir-6381,0,0,0,0,0,0,0,0,0,0,0,0
mmu-mir-3963,46,51,36,29,20,17,55,41,48,24,29,23
mmu-mir-186,41,50,30,28,23,30,53,37,61,34,58,44
mmu-mir-3471-2,0,0,0,0,0,0,0,0,0,0,0,0
mmu-mir-3471-1,0,0,0,0,0,0,0,0,0,0,0,0
mmu-mir-684-2,0,0,0,0,0,1,0,0,0,0,1,0
mmu-mir-6400,0,0,0,0,0,0,0,0,0,0,0,0
mmu-mir-8118,0,0,0,0,0,0,0,0,0,1,0,1
mmu-mir-876,0,0,0,0,0,0,0,0,0,0,0,0
mmu-mir-873a,0,0,0,0,0,0,0,0,0,0,0,0
mmu-mir-873b,0,0,0,0,0,0,0,0,0,0,0,0
mmu-mir-207,0,0,2,3,3,2,1,0,0,0,0,0
mmu-mir-5123,0,0,0,0,0,0,0,0,0,0,0,0
mmu-mir-3094,0,0,3,0,0,1,1,1,0,1,0,1
mmu-mir-5106,0,0,1,0,0,0,0,0,0,0,0,0
mmu-mir-5120,0,0,0,0,0,0,0,0,0,0,0,0
mmu-mir-1958,0,0,0,1,0,0,0,0,0,0,0,0
mmu-mir-32,17,10,9,22,8,20,13,14,10,12,18,24
mmu-mir-3095,0,0,0,0,0,0,0,0,0,0,0,0
mmu-mir-455,0,0,0,0,0,0,0,0,0,0,0,0
mmu-mir-491,1,2,2,1,1,2,4,4,0,1,0,1
mmu-mir-31,0,0,0,0,0,0,0,0,0,0,0,0
mmu-mir-6402,0,0,0,0,0,0,0,0,0,0,0,0
mmu-mir-872,35,51,38,27,18,27,41,40,53,49,58,62
mmu-mir-101a,67,90,54,31,20,36,76,108,82,53,78,55
mmu-mir-6397,0,0,0,0,0,0,0,0,0,0,0,0
mmu-mir-761,0,0,0,0,0,0,0,0,0,0,0,1
mmu-mir-7226,0,0,0,0,0,0,0,0,0,0,0,0
mmu-mir-1957a,0,0,0,0,0,0,0,0,0,0,0,0
mmu-mir-30c-1,60,69,54,29,41,26,38,26,85,51,56,45
mmu-mir-30f,0,0,2,0,0,0,0,0,0,0,0,0
mmu-mir-30e,199,279,207,147,112,140,223,221,238,190,242,229
mmu-mir-7015,0,0,1,0,0,0,1,0,0,0,0,0
mmu-mir-6398,0,0,0,0,0,0,0,0,0,0,0,0
mmu-mir-697,0,0,0,0,0,0,0,0,0,0,0,0
mmu-mir-698,0,0,0,0,0,0,0,0,0,1,0,0
mmu-mir-692-2,572,1076,527,575,325,409,665,530,479,786,495,774
mmu-mir-7119,0,0,0,0,0,0,0,0,0,0,0,0
mmu-mir-8119,0,0,0,0,0,0,0,0,0,0,0,0
mmu-mir-7016,0,1,0,0,0,0,0,0,0,0,0,0
mmu-mir-7017,0,0,0,0,0,0,0,1,0,0,0,0
mmu-mir-5122,0,4,1,3,2,4,0,1,1,1,2,1
mmu-mir-7227,0,0,0,0,0,0,0,0,0,0,0,0
mmu-mir-6403,0,0,0,0,0,0,0,0,0,0,0,0
mmu-mir-700,129,159,124,22,22,19,90,75,108,140,168,146
mmu-mir-7018,0,0,0,0,0,0,0,0,0,0,0,0
mmu-mir-6399,0,0,0,0,1,0,0,0,0,0,0,0
mmu-mir-7019,0,0,0,0,0,0,0,0,0,1,0,0
mmu-mir-7020,0,0,0,1,0,2,0,0,0,0,0,0
mmu-mir-2139,0,0,0,0,0,0,0,0,0,0,0,0
mmu-mir-7021,1,0,3,0,2,0,0,0,1,1,0,0
mmu-mir-7022,0,0,0,0,0,0,0,0,0,0,0,0
mmu-mir-5616,0,0,0,0,0,0,0,0,0,0,0,0
mmu-mir-7023,0,2,0,0,0,0,0,2,1,0,0,0
mmu-mir-34a,98,77,68,43,51,46,65,53,64,91,100,113
mmu-mir-429,0,0,0,0,0,0,0,0,0,0,3,0
mmu-mir-200a,0,0,0,0,0,0,0,0,0,0,0,0
mmu-mir-200b,2,2,2,3,1,3,2,0,1,1,3,2
mmu-mir-7658,3,1,0,0,0,0,0,0,0,0,1,2
mmu-mir-879,0,2,0,0,0,0,0,0,0,0,0,0
mmu-mir-671,6,15,8,9,9,8,10,11,10,12,7,12
mmu-mir-1960,0,0,0,0,0,0,0,0,0,0,0,0
mmu-mir-5625,1,0,0,2,0,3,2,2,1,7,0,2
mmu-mir-3473e,1,0,0,0,0,0,0,1,0,0,0,0
mmu-mir-7024,0,0,1,1,0,0,1,0,0,2,3,0
mmu-mir-7036b,0,0,0,0,5,5,0,0,0,0,0,2
mmu-mir-467g,0,0,0,0,0,0,0,0,0,0,0,0
mmu-mir-3097,0,1,1,0,0,0,0,0,0,0,0,0
mmu-mir-7689,0,0,0,0,0,0,0,0,0,0,0,0
mmu-mir-6414,0,0,0,0,0,0,0,0,0,0,0,0
mmu-mir-218-1,0,0,0,0,0,0,2,0,0,0,0,0
mmu-mir-8117,0,0,0,0,0,0,0,0,0,0,0,0
mmu-mir-6417,0,0,0,0,0,0,0,0,0,0,0,0
mmu-mir-574,245,358,204,113,84,131,293,245,289,166,201,182
mmu-mir-7025,0,0,0,0,0,0,0,0,0,0,0,0
mmu-mir-5098,0,0,0,0,0,0,0,0,0,0,0,0
mmu-mir-1187,0,0,0,0,0,0,0,0,0,0,0,0
mmu-mir-3969,0,0,1,0,0,0,0,0,0,0,0,0
mmu-mir-6415,0,0,0,0,0,0,0,0,0,0,0,0
mmu-mir-1961,4,8,4,24,34,36,1,2,0,0,3,0
mmu-mir-703,75,119,72,75,42,56,55,44,38,112,76,139
mmu-mir-5619,0,0,0,0,0,0,0,0,0,0,0,0
mmu-mir-7026,0,0,0,0,0,0,0,0,0,0,0,0
mmu-mir-701,0,0,0,0,0,0,0,0,0,0,0,0
mmu-mir-7229,0,0,0,0,0,0,0,0,0,0,0,0
mmu-mir-7230,0,0,0,0,0,0,0,0,0,0,0,0
mmu-mir-7027,0,0,0,0,0,0,0,0,0,0,0,0
mmu-mir-7028,0,0,0,0,0,0,0,0,0,0,0,0
mmu-mir-6240,439,476,386,878,972,1090,368,351,377,419,497,515
mmu-mir-7029,0,0,0,0,0,0,0,0,0,0,0,0
mmu-mir-7030,0,0,0,1,0,0,0,0,0,0,0,0
mmu-mir-7031,0,1,0,0,0,0,0,0,0,0,0,0
mmu-mir-8115,0,0,0,0,0,0,0,0,0,0,0,0
mmu-mir-7647,0,0,0,0,0,0,0,0,0,0,0,0
mmu-mir-7032,0,0,0,0,0,0,0,0,0,0,0,0
mmu-mir-3965,0,0,0,0,0,0,0,0,0,0,0,1
mmu-mir-7228,0,0,0,0,0,0,0,0,0,0,0,0
mmu-mir-7033,4,10,5,25,37,58,3,6,1,3,1,1
mmu-mir-7034,0,1,0,1,3,1,2,0,2,0,1,0
mmu-mir-7035,0,0,0,0,2,0,0,0,0,0,0,1
mmu-mir-721,0,0,0,0,0,0,0,0,0,0,0,0
mmu-mir-702,16,24,16,3,2,4,15,6,14,8,10,23
mmu-mir-8116,0,0,0,2,0,0,0,0,0,0,0,0
mmu-mir-7036a,1,4,1,1,3,1,2,1,0,2,1,1
mmu-mir-6418,1,3,4,2,0,0,3,3,0,6,0,0
mmu-mir-25,4102,5769,4522,3094,2106,2899,5019,4683,4753,4783,5872,5431
mmu-mir-93,339,447,359,230,181,169,393,292,357,394,528,507
mmu-mir-106b,179,186,142,88,91,86,125,109,98,93,129,113
mmu-mir-339,26,30,24,5,6,13,37,53,41,36,50,35
mmu-mir-7037,0,0,0,0,0,0,0,0,0,0,0,0
mmu-mir-7038,0,1,0,0,0,1,0,0,0,0,1,0
mmu-mir-7039,0,0,0,0,0,0,0,0,0,0,0,0
mmu-let-7k,44,62,35,22,24,30,51,47,40,24,35,47
mmu-mir-653,0,0,0,0,0,0,0,0,0,0,0,0
mmu-mir-489,0,0,0,0,0,0,0,0,0,0,0,0
mmu-mir-6370,0,0,0,0,0,0,0,0,0,0,0,0
mmu-mir-592,0,0,0,0,0,0,0,0,0,0,0,0
mmu-mir-129-1,1,2,1,0,1,0,0,3,2,1,2,2
mmu-mir-182,68,86,86,67,41,75,91,115,118,66,87,85
mmu-mir-96,21,10,18,9,8,11,18,15,12,15,18,10
mmu-mir-183,2478,3083,2506,1346,1074,1133,3013,2854,3330,2300,2661,2447
mmu-mir-335,0,0,0,0,0,0,0,0,0,0,0,0
mmu-mir-29a,243,296,268,271,166,214,342,261,355,244,317,256
mmu-mir-29b-1,58,49,70,70,70,68,67,45,64,28,40,33
mmu-mir-490,0,0,0,0,0,0,0,0,0,0,0,0
mmu-mir-7670,0,0,0,1,0,0,0,0,0,1,0,1
mmu-mir-704,0,0,0,0,0,0,0,0,2,0,0,0
mmu-mir-6371,0,0,0,0,0,0,0,0,0,0,0,0
mmu-mir-148a,0,0,0,0,0,0,0,0,0,0,1,0
mmu-mir-196b,4,8,3,4,2,3,6,4,2,5,4,6
mmu-mir-8112,72,111,73,52,54,68,51,52,69,55,87,68
mmu-mir-7232,0,0,0,0,0,0,0,0,0,0,0,0
mmu-mir-468,0,0,0,0,0,0,0,0,0,0,0,0
mmu-mir-7040,1,0,0,0,1,0,0,0,0,0,0,0
mmu-mir-3470a,0,0,0,0,0,0,0,0,0,0,0,0
mmu-mir-6374,0,0,0,0,0,0,0,0,0,0,0,0
mmu-mir-705,0,1,0,0,0,0,0,0,0,0,0,0
mmu-mir-6375,0,0,0,0,0,0,0,0,0,0,0,0
mmu-mir-6376,0,0,0,0,0,0,0,0,0,0,0,0
mmu-mir-7041,0,0,0,0,0,0,0,0,0,0,0,0
mmu-mir-6373,0,0,0,0,0,0,0,0,0,0,0,0
mmu-mir-7661,0,0,0,0,0,0,0,0,0,0,0,0
mmu-mir-7042,0,0,0,0,0,0,0,0,0,2,1,0
mmu-mir-7660,0,0,0,0,0,0,0,0,0,0,0,0
mmu-mir-7043,0,1,1,1,0,0,0,1,0,0,1,0
mmu-mir-7044,1,0,0,0,0,0,1,0,1,0,0,0
mmu-mir-706,0,0,0,1,0,0,0,0,0,0,0,0
mmu-mir-7231,0,0,0,0,0,0,0,0,0,0,0,0
mmu-mir-141,0,0,0,2,0,0,0,0,4,0,0,0
mmu-mir-200c,9,3,0,9,1,7,2,4,3,5,7,5
mmu-mir-7045,0,0,0,0,1,0,0,0,0,1,0,1
mmu-mir-3098,0,0,0,0,0,0,0,0,0,0,0,0
mmu-mir-8113,0,1,0,0,0,0,0,0,0,0,0,0
mmu-mir-7233,0,0,0,0,0,0,0,0,0,0,0,0
mmu-mir-7649,0,0,0,0,0,0,0,0,0,0,0,0
mmu-mir-680-1,0,0,0,0,0,0,0,0,0,0,0,0
mmu-mir-290a,0,0,0,0,0,0,0,0,0,0,0,0
mmu-mir-290b,0,0,0,0,0,0,0,0,0,0,0,0
mmu-mir-291a,0,0,0,0,0,0,0,0,0,0,0,0
mmu-mir-292a,0,0,0,0,0,0,0,0,0,0,0,0
mmu-mir-292b,0,0,0,0,0,0,0,0,0,0,0,0
mmu-mir-291b,0,0,0,0,0,0,0,0,0,0,0,0
mmu-mir-293,0,0,0,0,0,0,0,0,0,0,0,0
mmu-mir-294,0,0,0,0,2,0,0,0,0,0,0,0
mmu-mir-295,0,0,0,0,0,0,0,0,0,0,0,0
mmu-mir-935,59,60,38,18,22,26,76,62,78,49,71,50
mmu-mir-3572,0,0,0,2,0,0,0,2,0,0,0,0
mmu-mir-3099,0,0,0,0,0,0,0,0,0,0,0,0
mmu-mir-5620,0,1,0,0,1,3,2,3,3,3,1,1
mmu-mir-297a-1,2,3,1,0,0,0,4,0,1,2,0,4
mmu-mir-3100,0,0,0,0,0,0,0,0,0,0,0,0
mmu-mir-330,53,67,66,33,17,25,47,54,65,45,66,42
mmu-mir-343,0,0,0,0,0,0,0,0,0,0,0,0
mmu-mir-7046,2,7,8,3,1,5,4,2,0,3,6,5
mmu-mir-7047,2,0,0,0,0,0,0,0,0,0,1,0
mmu-mir-6537,0,0,0,0,0,0,0,0,1,0,0,0
mmu-mir-7048,0,0,0,0,0,0,0,0,0,0,0,0
mmu-mir-3101,0,0,0,0,0,0,0,0,0,0,0,0
mmu-mir-1191a,1,0,0,0,0,0,0,0,4,0,0,0
mmu-mir-7049,0,0,0,0,0,0,0,0,1,0,0,0
mmu-mir-1963,0,0,0,0,0,0,0,0,0,0,0,0
mmu-mir-1964,2,5,3,0,0,0,3,1,2,1,3,5
mmu-mir-7668,2,2,1,1,1,2,0,0,1,1,0,0
mmu-mir-9769,0,0,0,0,0,0,0,0,0,0,0,0
mmu-mir-3569,0,0,0,0,0,1,1,0,0,0,0,0
mmu-mir-7050,0,1,1,0,0,0,0,0,0,1,0,0
mmu-mir-7051,1,3,0,0,1,0,0,0,4,1,0,1
mmu-mir-7052,0,0,0,0,0,0,0,1,0,0,0,0
mmu-mir-7053,0,0,1,0,1,0,0,0,0,0,0,0
mmu-mir-707,0,0,0,0,0,0,0,0,1,0,0,0
mmu-mir-7054,0,0,1,0,0,0,0,0,0,0,0,0
mmu-mir-150,0,2,2,0,0,1,1,0,2,1,0,0
mmu-mir-5121,9092,14171,8192,3235,3195,4272,7489,6963,6265,6380,6009,6445
mmu-mir-7055,0,0,0,0,0,0,0,0,0,0,0,0
mmu-mir-7056,0,0,0,0,0,0,0,0,0,0,0,0
mmu-mir-6238,181,156,141,168,177,277,105,86,110,118,234,235
mmu-mir-6389,0,0,0,0,0,0,0,0,0,0,0,0
mmu-mir-344d-1,0,0,0,0,0,0,0,0,0,0,0,0
mmu-mir-344d-2,0,0,0,0,0,0,0,0,0,0,0,0
mmu-mir-344d-3,0,0,0,0,0,0,0,0,0,0,0,0
mmu-mir-344e,0,0,0,0,0,0,0,0,0,0,0,0
mmu-mir-344h-1,0,0,0,0,0,0,0,0,0,0,0,0
mmu-mir-344h-2,0,0,0,0,0,0,0,0,0,0,0,0
mmu-mir-344b,0,0,0,0,0,0,0,0,0,0,0,0
mmu-mir-344c,0,0,0,0,0,0,0,0,0,0,0,0
mmu-mir-344-1,0,0,0,0,0,0,0,0,0,0,0,0
mmu-mir-344-2,0,0,0,0,0,0,0,0,0,0,0,0
mmu-mir-344g,0,0,0,0,0,0,1,0,0,0,0,0
mmu-mir-344f,0,0,0,0,0,0,0,0,0,0,0,0
mmu-mir-344i,0,0,0,0,0,0,0,0,0,0,0,0
mmu-mir-211,0,0,0,1,0,0,0,0,0,0,0,0
mmu-mir-6416,0,0,0,0,0,0,0,0,0,0,0,0
mmu-mir-7057,0,0,0,0,0,0,0,0,0,0,0,0
mmu-mir-7234,0,0,0,0,0,0,0,0,0,0,0,0
mmu-mir-7a-2,95,93,80,174,97,142,145,81,102,41,70,80
mmu-mir-9-3,0,0,3,0,0,0,0,0,0,0,0,0
mmu-mir-1839,436,800,444,355,297,307,428,410,428,536,429,389
mmu-mir-708,0,0,0,0,0,0,1,0,0,0,0,0
mmu-mir-6394,0,0,0,0,0,0,0,0,0,0,0,0
mmu-mir-326,283,424,340,43,42,34,217,122,317,155,177,180
mmu-mir-3102,1,2,0,9,4,1,6,3,2,0,1,2
mmu-mir-139,27,24,19,38,35,33,25,28,30,10,18,18
mmu-mir-7058,0,0,0,0,0,0,0,0,0,0,0,0
mmu-mir-7059,0,0,1,0,0,0,0,2,0,0,0,1
mmu-mir-7060,0,0,1,1,0,0,0,1,0,0,0,0
mmu-mir-762,0,0,0,0,0,0,0,0,0,0,0,0
mmu-mir-3103,2,1,0,0,0,0,1,0,0,0,1,0
mmu-mir-7061,0,0,0,0,0,0,0,0,0,0,0,0
mmu-mir-1962,0,0,0,0,0,0,0,0,0,0,0,0
mmu-mir-6401,0,0,0,0,0,0,0,0,0,0,0,0
mmu-mir-7686,0,0,0,0,0,0,0,0,0,0,0,0
mmu-mir-202,0,1,0,0,0,0,0,0,0,0,0,0
mmu-mir-7062,0,0,0,0,1,0,0,0,0,0,0,0
mmu-mir-210,992,1069,854,65,85,30,570,203,489,304,141,213
mmu-mir-7063,0,0,0,0,0,0,0,0,0,0,0,0
mmu-mir-3104,0,0,0,0,0,0,0,0,0,0,0,0
mmu-mir-675,0,0,0,0,0,0,0,1,0,0,0,0
mmu-mir-483,0,0,0,0,1,0,0,0,0,0,0,0
mmu-mir-7064,0,0,1,0,0,0,0,0,0,0,0,0
mmu-mir-6404,0,0,0,0,0,0,0,0,0,0,0,0
mmu-mir-3105,0,0,0,0,0,0,0,0,0,0,0,0
mmu-mir-7654,7,15,12,12,11,8,16,6,20,8,12,10
mmu-mir-7238,0,2,3,5,0,2,0,1,2,2,1,1
mmu-mir-9768,0,0,0,0,0,0,0,0,0,0,0,0
mmu-mir-7065,0,0,0,0,0,0,0,0,0,0,0,0
mmu-mir-1968,0,0,0,0,1,0,0,0,0,0,0,0
mmu-mir-3106,0,0,0,0,0,0,0,0,0,0,0,0
mmu-mir-486a,0,0,0,0,0,0,0,0,2,0,0,0
mmu-mir-486b,0,0,0,0,0,0,0,0,2,0,0,0
mmu-mir-8108,0,0,1,0,1,1,0,0,0,0,0,1
mmu-mir-6395,0,1,1,0,0,0,1,0,2,0,0,1
mmu-mir-383,0,0,0,0,0,0,0,0,0,0,0,0
mmu-mir-7666,13,25,8,1,3,4,6,12,4,9,10,6
mmu-mir-710,0,0,0,0,0,0,0,0,0,0,0,0
mmu-mir-7066,0,0,0,0,0,0,0,0,0,0,0,0
mmu-mir-7240,0,0,0,0,0,0,0,0,0,0,0,0
mmu-mir-7067,24,59,37,27,16,35,21,21,20,48,28,36
mmu-mir-1969,0,0,0,0,0,0,0,0,2,0,0,0
mmu-mir-6769b,0,1,0,0,0,0,1,1,0,1,0,0
mmu-mir-7068,1,1,3,2,3,4,1,2,6,0,1,0
mmu-mir-28b,0,0,0,0,0,1,1,1,0,0,1,0
mmu-mir-1668,0,0,0,0,0,0,0,0,0,0,0,0
mmu-mir-8111,3,1,1,0,0,1,0,0,2,1,0,0
mmu-mir-1199,0,1,0,2,0,1,1,1,0,0,2,0
mmu-mir-709,0,0,0,0,0,0,0,0,0,0,0,0
mmu-mir-181d,4,0,1,2,2,3,3,4,3,6,4,4
mmu-mir-181c,0,0,0,0,0,0,0,0,0,0,0,0
mmu-mir-23a,6305,8925,6961,3890,2539,3657,8853,8190,8915,8222,10684,8899
mmu-mir-27a,242,227,226,124,99,109,311,227,304,186,266,220
mmu-mir-24-2,5537,7116,5747,2562,2008,2385,6632,6071,6188,5672,6836,6056
mmu-mir-3074-2,1,0,1,1,0,0,0,1,2,0,2,1
mmu-mir-7069,0,0,1,0,0,0,1,0,1,0,2,0
mmu-mir-7070,3,3,1,0,1,4,3,3,1,5,3,5
mmu-mir-8109,1,3,0,1,1,2,2,1,1,1,0,7
mmu-mir-7071,0,1,3,1,0,0,1,1,0,3,0,2
mmu-mir-8110,0,0,0,0,0,0,0,0,0,0,0,0
mmu-mir-138-2,7,6,2,3,8,9,13,3,7,11,2,6
mmu-mir-7072,3,3,1,1,2,0,3,2,0,0,2,0
mmu-mir-7073,1,2,0,0,0,0,2,1,0,0,1,0
mmu-mir-328,1428,1838,1348,416,378,426,1420,1008,1817,1391,1644,1337
mmu-mir-1966,0,0,0,0,1,0,1,0,0,1,0,0
mmu-mir-7074,0,0,0,0,0,0,0,1,0,0,0,0
mmu-mir-7075,8,11,9,6,4,6,4,12,12,4,6,4
mmu-mir-140,150,175,138,61,55,62,137,134,111,124,129,165
mmu-mir-3108,0,0,0,0,0,1,0,0,0,0,0,0
mmu-mir-3473d,10,9,6,6,3,4,12,13,3,1,4,10
mmu-mir-1957b,0,0,0,0,0,0,0,0,0,0,0,0
mmu-mir-7076,0,0,0,0,0,0,0,0,0,0,0,0
mmu-mir-7077,0,2,0,0,0,0,0,0,0,0,0,0
mmu-mir-7078,0,1,0,3,2,0,0,2,2,1,0,1
mmu-mir-7687,0,1,1,0,5,0,0,0,2,2,1,5
mmu-mir-7237,0,0,0,0,0,0,0,0,0,0,0,0
mmu-mir-6396,0,0,0,0,0,0,0,0,0,0,0,0
mmu-mir-7079,0,6,1,5,2,1,0,0,2,0,1,2
mmu-mir-7080,0,0,0,1,0,0,0,0,0,0,0,0
mmu-mir-1967,0,0,0,0,0,0,0,0,0,0,0,0
mmu-mir-21c,0,0,0,1,1,1,1,0,0,0,0,0
mmu-mir-1903,35,31,23,26,9,8,38,40,20,8,14,27
mmu-mir-101c,4,8,4,0,2,4,9,9,8,2,7,2
mmu-mir-5618,0,0,0,0,0,0,0,0,0,0,0,0
mmu-mir-1899,0,0,0,0,0,0,0,0,1,0,0,0
mmu-mir-6237,0,0,0,0,0,0,0,0,0,0,0,0
mmu-mir-7650,11,31,14,9,18,29,5,6,13,15,17,14
mmu-mir-7081,0,0,0,0,0,0,0,0,0,0,0,1
mmu-mir-1900,0,0,1,0,0,0,0,0,1,0,0,0
mmu-mir-7082,3,3,1,1,0,2,2,1,0,1,2,0
mmu-mir-199a-1,50,96,59,37,23,19,102,85,90,44,92,73
mmu-mir-1946b,0,0,0,1,0,1,0,0,0,0,0,0
mmu-mir-7083,0,0,0,1,0,1,0,0,0,0,0,0
mmu-mir-7084,2,0,1,0,0,1,0,0,0,0,0,0
mmu-mir-100,0,5,3,1,0,0,1,1,3,3,0,0
mmu-let-7a-2,32874,45468,33841,21601,16312,19219,45570,47898,48466,33226,40089,35370
mmu-mir-125b-1,14,22,17,4,5,3,12,10,17,4,9,7
mmu-mir-7085,2,3,0,0,0,0,1,0,0,0,0,0
mmu-mir-7086,0,0,0,0,0,0,0,0,0,0,0,0
mmu-mir-7087,0,0,0,0,0,0,0,0,0,0,0,0
mmu-mir-34c,0,0,0,0,0,0,0,0,0,0,0,0
mmu-mir-34b,0,0,0,1,0,0,0,0,0,0,1,0
mmu-mir-6244,0,0,0,0,0,0,0,0,0,0,0,0
mmu-mir-130c,0,0,0,0,0,0,0,0,0,0,0,0
mmu-mir-5710,0,0,0,0,0,0,0,0,0,0,0,0
mmu-mir-6385,0,0,0,0,0,0,0,0,0,0,0,0
mmu-mir-5133,3,2,5,1,1,1,2,0,0,1,1,2
mmu-mir-190a,0,6,3,4,1,3,2,3,2,3,2,1
mmu-mir-7241,0,0,0,0,0,0,0,0,0,0,0,0
mmu-mir-7242,0,0,0,0,0,0,0,0,0,0,0,0
mmu-mir-3109,0,0,0,0,0,0,0,0,0,0,0,0
mmu-mir-5626,0,0,0,0,0,0,0,0,0,0,0,0
mmu-mir-184,0,2,0,0,0,0,1,0,0,1,3,0
mmu-mir-6386,0,0,0,0,0,0,0,0,0,0,0,0
mmu-mir-7656,0,0,0,0,0,0,0,0,0,0,0,0
mmu-mir-7243,0,0,0,0,0,0,0,0,0,0,0,0
mmu-mir-2136,0,0,0,0,0,0,0,0,0,0,0,0
mmu-mir-135a-1,0,0,0,0,0,0,0,0,0,0,0,0
mmu-let-7g,1697,2146,1793,1437,977,1224,2109,1879,2028,1822,2181,2049
mmu-mir-7088,0,0,0,0,0,0,0,0,0,0,0,0
mmu-mir-191,2863,3205,2528,1717,1609,1494,2846,2046,2658,1875,2237,2212
mmu-mir-425,62,80,77,39,39,36,82,51,75,43,60,66
mmu-mir-711,0,0,0,0,0,0,0,0,0,0,0,0
mmu-mir-7089,1,0,0,0,0,0,0,0,0,0,0,0
mmu-mir-6236,2246,3307,2332,2922,3018,3092,2021,2048,2208,2248,2162,1979
mmu-mir-8107,0,0,0,0,0,0,1,0,0,0,0,0
mmu-mir-128-2,30,35,39,25,19,18,22,15,28,16,29,22
mmu-mir-467h,18,34,21,16,8,17,22,22,18,27,23,29
mmu-mir-26a-1,38,47,26,9,19,22,34,31,31,22,46,31
mmu-mir-7090,0,0,0,0,0,0,0,1,0,0,0,1
mmu-mir-8106,1,0,0,0,0,0,0,0,0,0,0,0
mmu-mir-138-1,0,0,0,1,0,0,0,0,0,0,0,0
mmu-mir-500,43,40,24,15,11,17,46,43,48,27,23,25
mmu-mir-501,51,60,43,20,15,23,60,62,61,33,31,28
mmu-mir-362,5,6,8,3,6,4,21,11,18,12,7,13
mmu-mir-188,40,28,30,11,7,12,33,16,25,14,12,17
mmu-mir-532,347,422,353,163,114,145,397,337,428,239,298,303
mmu-mir-1198,28,25,34,25,10,28,29,14,32,21,18,25
mmu-mir-221,231,276,259,459,347,361,300,291,334,144,163,169
mmu-mir-222,265,349,250,736,564,713,497,365,483,104,103,146
mmu-mir-5617,0,0,1,0,0,0,0,0,0,0,0,0
mmu-mir-3110,0,0,0,0,0,0,0,0,0,0,0,0
mmu-mir-6384,0,0,0,0,0,0,0,0,0,0,0,0
mmu-mir-717,0,0,0,0,1,0,0,0,0,0,0,0
mmu-mir-363,0,0,0,0,0,0,0,0,0,0,0,0
mmu-mir-92a-2,719,870,655,547,449,465,409,267,395,506,513,632
mmu-mir-19b-2,337,504,375,309,228,253,409,408,423,330,460,364
mmu-mir-20b,0,0,0,0,0,0,1,0,0,0,0,0
mmu-mir-18b,0,0,0,0,0,1,0,0,0,0,0,0
mmu-mir-106a,108,106,90,70,51,55,100,56,66,75,111,107
mmu-mir-450b,11,8,7,0,4,1,14,9,15,6,10,8
mmu-mir-450a-1,2,3,6,0,1,0,4,3,1,1,4,1
mmu-mir-450a-2,2,1,3,0,1,0,2,1,1,2,2,0
mmu-mir-542,8,5,8,1,0,0,7,9,13,4,4,2
mmu-mir-351,163,185,160,21,30,30,170,157,191,64,69,73
mmu-mir-503,30,37,37,5,9,7,32,24,32,13,13,7
mmu-mir-322,199,271,234,79,53,66,285,266,289,97,130,143
mmu-mir-5116,0,0,0,0,0,0,0,0,1,0,0,2
mmu-mir-504,4,6,6,1,1,2,4,6,3,26,17,16
mmu-mir-505,22,26,29,15,7,5,16,23,15,19,40,22
mmu-mir-743a,0,0,0,0,0,0,0,0,0,0,0,0
mmu-mir-743b,0,0,0,0,0,0,0,0,0,0,0,0
mmu-mir-742,0,0,0,0,0,0,0,0,0,0,0,0
mmu-mir-883a,0,0,0,0,0,0,0,0,0,0,0,0
mmu-mir-883b,0,0,0,0,0,0,0,0,0,0,0,0
mmu-mir-471,0,0,0,0,0,0,0,0,0,0,0,0
mmu-mir-741,0,0,0,0,0,0,0,0,0,0,0,0
mmu-mir-463,0,0,0,0,0,0,0,0,0,0,0,0
mmu-mir-880,0,1,0,0,0,0,0,0,0,0,0,0
mmu-mir-878,0,0,0,0,0,0,0,0,0,0,0,0
mmu-mir-881,0,0,0,0,0,0,0,0,0,0,0,0
mmu-mir-871,0,0,0,0,0,0,0,0,0,0,0,0
mmu-mir-470,1,0,0,0,0,0,0,0,1,0,0,0
mmu-mir-465d,0,0,0,0,0,0,0,0,0,0,0,0
mmu-mir-465c-1,0,0,1,0,0,0,0,0,0,0,0,0
mmu-mir-465b-1,0,0,0,0,0,0,0,0,0,0,0,0
mmu-mir-465c-2,0,0,0,0,0,0,0,0,0,0,0,0
mmu-mir-465b-2,0,0,1,0,0,0,0,0,0,0,0,0
mmu-mir-465a,0,0,1,0,0,0,0,0,0,0,0,0
mmu-mir-201,0,0,2,0,1,0,0,0,0,0,0,0
mmu-mir-547,0,0,0,0,0,0,0,1,0,0,1,0
mmu-mir-509,0,0,0,0,0,0,0,0,0,0,0,0
mmu-mir-224,0,0,0,0,0,0,0,0,0,0,0,0
mmu-mir-452,0,0,0,0,0,0,0,0,0,0,0,0
mmu-mir-767,0,0,0,0,0,0,0,0,0,0,0,0
mmu-mir-105,0,0,0,0,0,0,0,0,0,0,0,0
mmu-mir-2137,3393,3677,3216,3011,3936,3672,3162,2361,1940,2856,3137,4104
mmu-mir-5132,3,3,1,3,1,3,2,1,4,0,3,2
mmu-mir-718,1,0,1,1,1,1,2,1,0,0,0,0
mmu-mir-7091,1,0,1,0,0,0,0,0,0,0,0,1
mmu-mir-7092,0,4,0,0,0,0,1,0,0,0,0,0
mmu-mir-1906-2,0,0,0,0,0,0,0,0,0,0,0,0
mmu-mir-7673,0,0,0,0,0,0,0,0,0,0,0,0
mmu-mir-223,74,99,94,33,23,25,89,63,110,28,26,15
mmu-mir-676,0,0,0,0,0,0,0,0,0,0,0,0
mmu-mir-421,11,10,18,7,1,5,12,26,18,24,17,5
mmu-mir-374b,245,232,193,108,91,95,250,209,274,195,242,207
mmu-mir-374c,0,4,4,2,1,1,5,6,2,3,5,3
mmu-mir-672,0,0,0,0,0,0,0,0,0,0,0,0
mmu-mir-384,0,0,0,0,0,0,0,0,0,0,0,0
mmu-mir-325,0,0,0,0,0,0,0,0,0,0,0,0
mmu-mir-6382,0,0,0,0,0,0,0,0,0,0,0,0
mmu-mir-361,48,71,53,21,36,28,28,51,47,39,31,32
mmu-mir-3112,0,0,0,0,0,0,1,1,0,0,0,2
mmu-mir-7093,0,0,1,0,0,0,0,0,0,0,0,0
mmu-mir-7646,0,0,0,0,0,0,0,0,0,1,1,0
mmu-mir-1970,0,0,0,0,0,0,0,0,0,0,1,0
mmu-mir-6383,0,0,0,0,0,0,0,0,0,0,0,0
mmu-mir-3475,0,0,0,0,0,0,0,0,0,0,0,0
mmu-mir-652,71,66,57,56,42,43,69,72,63,48,63,49
mmu-mir-680-2,0,0,0,0,0,0,0,0,0,0,0,0
mmu-mir-3472,0,0,0,0,0,0,0,0,0,0,0,0
mmu-mir-3552,0,0,0,0,0,0,0,0,0,0,0,0
mmu-mir-764,0,0,0,0,0,0,0,0,0,0,0,0
mmu-mir-1912,0,0,0,0,0,0,0,0,0,0,0,0
mmu-mir-1264,0,0,0,0,0,0,0,0,0,0,0,0
mmu-mir-1298,0,0,0,0,0,0,0,0,0,0,0,0
mmu-mir-448,0,0,0,0,0,0,0,0,0,0,0,0
mmu-mir-3620,0,0,0,0,0,0,0,0,0,0,0,0
mmu-mir-3113,0,0,0,4,0,0,0,2,0,0,1,0
mmu-let-7f-2,17481,24168,18320,11690,8595,10378,24224,24576,25304,18673,22289,20020
mmu-mir-98,713,1031,789,432,268,401,781,768,794,693,804,774
mmu-mir-3473a,1,1,0,1,0,0,1,0,0,0,0,1